metadata,question,answer
"{'topic': 'Politics', 'answer_type': 'Date', 'urls': ['https://en.wikipedia.org/wiki/Maqbool_Bhat#Political_career', 'https://en.wikipedia.org/wiki/Azad_Kashmir_Plebiscite_Front', 'https://www.ipf.org.in/Encyc/2021/4/5/Rise-and-fall-of-JKLF.amp.html']}",In what month and year was the Azad Kashmir Plebiscite Front formed in Muzaffarabad?,April 1965
"{'topic': 'Science and technology', 'answer_type': 'Date', 'urls': ['Registered On:\n1996-08-14', 'https://www.whois.com/whois/hindustantimes.com', 'https://trak.in/tags/business/2007/07/26/top-50-web10-web-sites-of-india/']}","On which day, month, and year was the domain ""hindustantimes.com"" registered?","August 14, 1996"
"{'topic': 'Science and technology', 'answer_type': 'Date', 'urls': ['https://en.wikipedia.org/wiki/3412_Kafka#:~:text=It%20was%20discovered%20on%2010%20January%201983', 'https://en.wikipedia.org/wiki/3412_Kafka#:~:text=3412%20Kafka%2C%20provisional%20designation%201983%20AU2%2C%20is%20an%20asteroid%20from%20the%20inner%20regions%20of%20the%20asteroid%20belt%2C%20approximately%206%20kilometers%20in%20diameter.%20It%20was%20discovered%20on%2010%20January%201983%2C%20by%20American%20astronomers%20Randolph%20Kirk%20and%20Donald%20Rudy%20at%20Palomar%20Observatory%20in%20California%2C%20United%20States.', 'https://www.wikiwand.com/en/3412_Kafka#cite_note-MPC-Kafka-5:~:text=It%20was%20discovered%20on%2010%20January%201983%2C%20by%20American%20astronomers%20Randolph%20Kirk%20and%20Donald%20Rudy%20at%20Palomar%20Observatory%20in%20California%2C%20United%20States.']}","On what day, month, and year was 3412 Kafka, an asteroid from the inner regions of the asteroid belt, discovered?",10 January 1983
"{'topic': 'Other', 'answer_type': 'Place', 'urls': ['https://en.wikipedia.org/wiki/W._V._Grant#Tax_evasion', 'https://en.wikipedia.org/wiki/W._V._Grant', 'https://www.dallasobserver.com/news/the-best-of-dallas-worst-televangelists-10367465', 'https://preservationdallas.org/location/first-church-of-christ-scientist-eagles-nest-1508-cadiz-st-downtown']}","In August 2012, what was the address of the First Church of Christ, Scientist that W. V. Grant purchased?","1508 Cadiz Street, Dallas, TX, 75201"
"{'topic': 'Other', 'answer_type': 'Number', 'urls': ['https://mathshistory.st-andrews.ac.uk/Biographies/Sadosky/', 'https://mathshistory.st-andrews.ac.uk/Biographies/Sadosky/#:~:text=In%201955%2C%20at%20the%20age,physics%20as%20her%20major%20subject.', 'https://en.wikipedia.org/wiki/Cora_Sadosky', 'https://bookofproofs.github.io/history/20th-century/sadosky.html']}",At what age (in years) did Cora Sadosky enter the School of Science at the University of Buenos Aires?,15
"{'topic': 'Other', 'answer_type': 'Person', 'urls': ['https://en.wikipedia.org/wiki/List_of_EGOT_winners', 'https://www.goldderby.com/gallery/egot-emmy-grammy-oscar-tony/richard-rodgers-70th-birthday-party-new-york-26-mar-1972/', 'https://en.wikipedia.org/wiki/List_of_EGOT_winners#EGOT_winners', 'https://www.cbr.com/egot-winner-chronological-order/']}","Who was the tenth EGOT (Emmy, Grammy, Oscar, and Tony Awards) winner?",Whoopi Goldberg
"{'topic': 'Video games', 'answer_type': 'Person', 'urls': ['https://en.wikipedia.org/wiki/Trials_of_Mana', 'https://en.wikipedia.org/wiki/Trials_of_Mana', 'https://www.mobygames.com/person/631609/koichi-ishii/credits/', 'https://mana.fandom.com/wiki/Koichi_Ishii']}",Who was the lead designer of Seiken Densetsu 3?,Koichi Ishii
"{'topic': 'Other', 'answer_type': 'Person', 'urls': ['https://www.hacettepe.edu.tr/about/history', 'https://www.hacettepe.edu.tr/about/history', 'https://tr.wikipedia.org/wiki/Tun%C3%A7alp_%C3%96zgen']}",Who was the rector of Hacettepe University in 2006?,Prof. Dr. Tunçalp ÖZGEN
"{'topic': 'Other', 'answer_type': 'Place', 'urls': ['https://en.wikipedia.org/wiki/Amusement_Today#Golden_Ticket_Awards', 'https://goldenticketawards.com/2022-gta-winners/', 'https://www.coaster101.com/2022/09/10/list-of-2022-golden-ticket-award-winners/#google_vignette', 'https://amusementtoday.com/issues/2022/GTA2022/']}","According to the Golden Ticket Awards, which theme park was voted number one for having the best food in 2022?",Knoebels Amusement Resort
"{'topic': 'Sports', 'answer_type': 'Number', 'urls': ['https://en.wikipedia.org/wiki/Andrew_Tate\nhttps://www.sportskeeda.com/pop-culture/andrew-tate-kickboxing-record-how-many-bouts-has-he-won#:~:text=Andrew%20Tate%20had%20a%20remarkable,eyesight%20at%20a%20young%20age.', 'https://sportsbrief.com/boxing/39543-what-andrew-tates-kickboxing-record-a-closer-professional-kickboxer/', 'https://www.sportingnews.com/au/kickboxing/news/andrew-tate-mma-kickboxing-record-controversies/u50waalc9cfz7krjg9wnyb7p', 'https://www.thesun.co.uk/sport/20394108/andrew-tates-kickboxing-record/']}",How many fight wins did the British-American kickboxer Andrew Tate have prior to retiring?,76
"{'topic': 'Art', 'answer_type': 'Other', 'urls': ['https://en.wikipedia.org/wiki/Adil_Hussain', 'https://in.bookmyshow.com/person/adil-hussain/30788#:', 'https://en.wikipedia.org/wiki/en:Adil_Hussain?variant=zh-tw', 'https://www.tring.co.in/popular-celebrities/adil-hussain']}",Adil Hussain was the artistic director and trainer of which organization from 2004 to 2007?,Society for Artists and Performers
"{'topic': 'Music', 'answer_type': 'Date', 'urls': ['https://en.wikipedia.org/wiki/Beauty_Marks_(album)', 'https://en.wikipedia.org/wiki/Beauty_Marks_(album)', 'https://www.cdjapan.co.jp/product/WPCR-18213', 'https://www.cede.de/en/music/?view=detail&aid=16795461']}","What day, month, and year was the album ""Beauty Marks"" by Ciara released on CD in Japan?","June 5, 2019"
"{'topic': 'History', 'answer_type': 'Place', 'urls': ['https://en.wikipedia.org/wiki/Leo_Strauss', 'https://en.wikipedia.org/wiki/Leo_Strauss#Career', 'https://www.britannica.com/biography/Leo-Strauss', 'https://www.nytimes.com/1973/10/21/archives/dr-leo-strauss-scholar-is-dead-fiddling-and-burning-taught-in.html']}",At what school was Leo Strauss working when he died?,"St. John's College, Annapolis"
"{'topic': 'Video games', 'answer_type': 'Other', 'urls': ['https://liquipedia.net/dota2/The_International/2019', 'https://dotesports.com/dota-2/news/dota-2-7-22f-patch-final-balance-patch-before-the-international-2019', 'https://liquipedia.net/dota2/The_International/2019', 'https://dota2.fandom.com/wiki/The_International_2019']}",What game version was The Dota 2 International 2019 played on?,7.22f
"{'topic': 'Other', 'answer_type': 'Other', 'urls': ['https://en.wikipedia.org/wiki/Sanduk_Ruit', 'https://www.hollows.org/uk/latest/dr-sanduk-ruit-receives-asia-society-2016-game-changer-award#:~:text=Sanduk%20Ruit%20Receives%20Asia%20Society%202016%20Game%20Changer%20Award&text=On%20October%2027%2C%202016%2C%20HCP,Nations%20in%20New%20York%20City.', 'https://asiasociety.org/asia-game-changers/2016-asia-game-changer-awards', 'https://en.wikipedia.org/wiki/Sanduk_Ruit#Awards_and_honors']}","On October 27, 2016, Dr. Sanduk Ruit received what award from the Asia Society for bringing the gifts of sight and a productive life to those most in need?",Game Changer Award
"{'topic': 'Geography', 'answer_type': 'Place', 'urls': ['https://wikiroulette.co/?p=Anisotenes_cacotechna', 'https://en.wikipedia.org/wiki/Anisotenes_cacotechna', 'https://species.wikimedia.org/wiki/Anisotenes_cacotechna']}",In which country is Anisotenes cacotechna found?, New Guinea
"{'topic': 'Other', 'answer_type': 'Person', 'urls': ['https://en.wikipedia.org/wiki/Royal_Canadian_Geographical_Society#Camsell_Medal', 'https://rcgs.org/past-camsell-medal-winners/', 'https://en.wikipedia.org/wiki/Royal_Canadian_Geographical_Society#Camsell_Medal', 'https://fr.wikipedia.org/wiki/M%C3%A9daille_Camsell']}",What is the name of the individual who was awarded the Camsell Medal in 2012?,Jean Fournier
"{'topic': 'Politics', 'answer_type': 'Other', 'urls': ['https://en.wikipedia.org/wiki/Augustine_George_Masih', 'https://en.wikipedia.org/wiki/Augustine_George_Masih', 'https://www.sci.gov.in/judge/justice-augustine-george-masih/', 'https://www.scconline.com/blog/post/2024/03/12/know-your-judge-justice-augustine-george-masih-legal-research/']}",What was Augustine George Masih's position just before being appointed as a judge of the Supreme Court of India?,Former chief justice of the Rajasthan High Court
"{'topic': 'Science and technology', 'answer_type': 'Person', 'urls': ['https://en.wikipedia.org/wiki/Henri_Moissan', 'https://en.wikipedia.org/wiki/Henri_Moissan', 'https://www.lookchem.com/The-Nobel-Prize/Ferdinand-Frederick-Henri-Moissan.html', 'https://comptes-rendus.academie-sciences.fr/chimie/articles/10.1016/j.crci.2016.06.005/']}",With which notable French plant physiologist did Henri Moissan publish his first scientific paper in 1874?, Pierre Paul Dehérain
"{'topic': 'TV shows', 'answer_type': 'Number', 'urls': ['https://www.google.com/search?q=How+many+times+did+Lor+McQuarrie+wore+heels+in+the+show%3F&rlz=1C1ONGR_en__1078__1078&oq=How+many+times+did+Lor+McQuarrie+wore+heels+in+the+show%3F&gs_lcrp=EgZjaHJvbWUyBggAEEUYOTIJCAEQIRgKGKABMgkIAhAhGAoYoAEyCQgDECEYChigATIJCAQQIRgKGKABMgkIBRAhGAoYoAHSAQgxMTE0ajBqN6gCALACAA&sourceid=chrome&ie=UTF-8', 'https://theweekenders.fandom.com/wiki/Lor_McQuarrie#:~:text=Lor%20has%20only%20worn%20heels,not%20able%20to%20walk%20straight.']}","As of the 2004 ending date of the show, how many times did Lor McQuarrie wear heels in The Weekenders?",3
"{'topic': 'Science and technology', 'answer_type': 'Place', 'urls': ['https://en.wikipedia.org/wiki/Allene_Jeanes', 'https://en.wikipedia.org/wiki/Allene_Jeanes#:~:text=Early%20life%20and%20education,-Jeanes%20was%20born&text=Allene%20graduated%20with%20honors%20from,the%20University%20of%20California%2C%20Berkeley.', 'https://kids.kiddle.co/Allene_Jeanes', 'https://ipwatchdog.com/2017/03/04/allene-jeanes-dextran-food-thickening-xanthan-gum/id=79065/']}",From which university did the chemist Allene Rosalind Jeanes obtain a Master's degree in organic chemistry in 1929?,"University of California, Berkeley"
"{'topic': 'TV shows', 'answer_type': 'Date', 'urls': ['https://severance-tv.fandom.com/wiki/Kier_Eagan', 'https://severance-tv.fandom.com/wiki/Kier_Eagan#:~:text=Kier%20was%20born%20in%201841,The%20Youthful%20Convalescence%20of%20Kier%22.', 'https://severance.wiki/revolving', 'https://time.graphics/period/2790307']}","In the show Severance, what year was Kier Eagan born?",1841
"{'topic': 'Music', 'answer_type': 'Date', 'urls': ['https://en.wikipedia.org/wiki/American_Classical_Music_Hall_of_Fame_and_Museum#2005', 'https://en.wikipedia.org/wiki/American_Classical_Music_Hall_of_Fame_and_Museum', 'https://newmusicusa.org/nmbx/news-in-brief-9-20-02/', 'https://classicalwalkoffame.org/browse-inductees/?show_group=year']}",In what year was Pablo Casals inducted into the Classical Music Hall of Fame?,2002.
"{'topic': 'Art', 'answer_type': 'Person', 'urls': ['https://en.wikipedia.org/wiki/Fern%C3%A1ndez_Anchorena_Palace', 'https://en.wikipedia.org/wiki/Fern%C3%A1ndez_Anchorena_Palace', 'https://en.wikipedia.org/wiki/Eduardo_Le_Monnier', 'https://www.stampcommunity.org/topic.asp?topic_id=26283&whichpage=9&SearchTerms=Buildings,on,Stamps']}",Which architect built the Fernández Anchorena Palace?,Eduardo Le Monnier
"{'topic': 'Other', 'answer_type': 'Place', 'urls': ['https://en.wikipedia.org/wiki/Ritesh_Batra', 'https://en.wikipedia.org/wiki/Ritesh_Batra', 'https://www.globalindian.com/story/filmmaker/from-mumbai-to-new-york-how-bafta-nominated-director-ritesh-batra-took-over-hollywood/', 'https://jodytinsight.s3.rbx.io.cloud.ovh.net/ritesh-batra-height-weight-family-facts-spouse.html']}",Which university did Ritesh Batra attend but drop out of?,New York University
"{'topic': 'History', 'answer_type': 'Date', 'urls': ['https://en.wikipedia.org/wiki/Portugal', 'https://en.wikipedia.org/wiki/Portugal#:~:text=In%201500%2C%20the%20Portuguese%20explorer,Portuguese%20colonies%20of%20the%20Americas.', 'https://pcsp.ca/about-pcsp/heritage/']}",In which year did the Portuguese explorer Gaspar Corte-Real reach Canada and find the town of Portugal Cove-St. Philip's?,1500
"{'topic': 'Other', 'answer_type': 'Other', 'urls': ['https://mathshistory.st-andrews.ac.uk/Biographies/Aitken/', 'https://mathshistory.st-andrews.ac.uk/Biographies/Aitken/', 'https://proofwiki.org/wiki/Mathematician:Alexander_Craig_Aitken', 'https://davegiles.blogspot.com/2011/07/alexander-aitken.html']}",Mathematician Alexander Aitken graduated in 1920 with First Class Honors in what subject?,French and Latin
"{'topic': 'Geography', 'answer_type': 'Number', 'urls': ['https://en.wikipedia.org/wiki/Mykines,_Faroe_Islands', 'https://en.wikipedia.org/wiki/Mykines,_Mykines', 'https://www.wikiwand.com/en/Mykines%2C_Mykines#google_vignette']}",What was the recorded population of Mykines in 2012?,14
"{'topic': 'Politics', 'answer_type': 'Number', 'urls': ['https://en.wikipedia.org/wiki/Morris_Kight', 'https://en.wikipedia.org/wiki/Morris_Kight#cite_note-glbtq-4', 'https://web.archive.org/web/20141024110242/http://www.glbtq.com/social-sciences/kight_m.html', 'https://www.latimes.com/archives/la-xpm-2003-jan-20-me-kight20-story.html']}",How many children did gay rights activist Morris Kight have?,Two.
"{'topic': 'Geography', 'answer_type': 'Number', 'urls': ['https://www.census.gov/quickfacts/fact/table/porthuroncitymichigan/PST040223', 'https://www.census.gov/quickfacts/fact/table/US,porthuroncitymichigan/POP010210', 'https://en.wikipedia.org/wiki/Port_Huron,_Michigan#:~:text=Port%20Huron%20is%20a%20city,28%2C983%20at%20the%202020%20census.']}",What is the population of Port Huron as per the 2020 Census?,"28,983"
"{'topic': 'Politics', 'answer_type': 'Date', 'urls': ['https://victorianweb.org/history/pms/perceval.html', 'https://en.wikipedia.org/wiki/Assassination_of_Spencer_Perceval', 'https://en.wikipedia.org/wiki/Spencer_Perceval', 'https://en.wikipedia.org/wiki/Chancellor_of_the_Exchequer']}",In what month and year was Spencer Perceval elected as Chancellor of the Exchequer?,March 1807
"{'topic': 'Geography', 'answer_type': 'Date', 'urls': ['https://es.wikipedia.org/wiki/Mutat%C3%A1', 'https://www.familysearch.org/en/wiki/Mutat%C3%A1,_Urab%C3%A1,_Antioquia,_Colombia_Genealogy', 'https://www.wikidata.org/wiki/Q1525997', 'https://www.citypopulation.de/en/colombia/antioquia/mutat%C3%A1/05480000__mutat%C3%A1/']}","In which year was the municipality of Mutatá, Antioquia, Colombia, founded?",1850
"{'topic': 'Other', 'answer_type': 'Number', 'urls': ['https://en.wikipedia.org/wiki/Oprah_Winfrey#Personal_life', 'https://en.wikipedia.org/wiki/Oprah_Winfrey#:~:text=In%201997%2C%20Cook%20tried%20to,book%20about%20their%20alleged%20relationship.', 'https://www.chicagotribune.com/1997/01/31/man-sues-oprah-winfrey-says-she-quashed-life-story/', 'https://www.deseret.com/1997/1/31/19292501/lawuit-says-winfrey-ex-boyfriend-did-drugs/']}","How many dollars did Randolph Cook sue Oprah Winfrey for, for blocking a tell-all book about their alleged relationship?",$20 million
"{'topic': 'Geography', 'answer_type': 'Place', 'urls': ['https://en.wikipedia.org/wiki/Breng_Valley#:~:text=Breng%20Valley%20(The%20Golden%20Crown,tributary%20of%20famous%20Jhelum%20River.', 'https://en.wikipedia.org/wiki/Breng_Valley#:~:text=Breng%20Valley%20(The%20Golden%20Crown,tributary%20of%20famous%20Jhelum%20River.', 'https://timesofindia.indiatimes.com/travel/destinations/the-golden-crown-of-kashmirkokernag/photostory/82723778.cms']}","Which valley is known as the ""Golden Crown of Kashmir""?",Breng Valley
"{'topic': 'TV shows', 'answer_type': 'Person', 'urls': ['https://en.wikipedia.org/wiki/The_Bachelor_(American_TV_series)_season_2', 'https://bleacherreport.com/articles/2713779-every-athlete-in-the-history-of-the-bachelor-ranked', 'https://en.wikipedia.org/wiki/The_Bachelor_(American_TV_series)_season_2', 'https://bachelor-nation.fandom.com/wiki/Lori_Todd']}",Which contestant from Season 2 of The Bachelor was a former NBA cheerleader?,Lori Todd
"{'topic': 'Music', 'answer_type': 'Other', 'urls': ['https://en.wikipedia.org/wiki/Rewind_(Johnny_Rivers_album)', 'https://en.wikipedia.org/wiki/Rewind_(Johnny_Rivers_album)#Side_two', 'https://www.discogs.com/release/13199258-Johnny-Rivers-Rewind', 'https://rateyourmusic.com/release/album/johnny_rivers/rewind/']}",What is the second song on Side Two of the album Rewind by Johnny Rivers?,"""For Emily, Whenever I May Find Her"""
"{'topic': 'Science and technology', 'answer_type': 'Other', 'urls': ['https://awards.acm.org/software-system', 'https://en.wikipedia.org/wiki/ACM_Software_System_Award', 'https://awards.acm.org/award-recipients/rashid_NA61614', 'https://cacm.acm.org/news/acm-announces-2014-award-recipients/']}",What is the name of the project that won the 2014 ACM Software System Award?,Mach
"{'topic': 'Science and technology', 'answer_type': 'Person', 'urls': ['https://en.wikipedia.org/wiki/Brown_cuckoo-dove', 'https://en.wikipedia.org/wiki/Brown_cuckoo-dove#:~:text=The%20brown%20cuckoo%2Ddove%20was,in%20New%20South%20Wales%2C%20Australia.', 'https://www.inaturalist.org/taxa/144551-Macropygia-phasianella', 'https://apps.des.qld.gov.au/species-search/details/?id=1791']}",What is the name of the zoologist who formally described the brown cuckoo-dove in 1821?,Coenraad Jacob Temminck
"{'topic': 'Sports', 'answer_type': 'Date', 'urls': ['https://en.wikipedia.org/wiki/Pakistan_men%27s_national_field_hockey_team', 'https://en.wikipedia.org/wiki/Pakistan_men%27s_national_field_hockey_team#:~:text=Pakistan%20is%20one%20of%20the,%2C%201982%2C%20and%201994).&text=Pakistan%20national%20team%20has%20played,coming%20in%202014%20and%202023.', 'https://sportstar.thehindu.com/hockey/world-cup-why-is-pakistan-not-playing-in-2023-explained-odisha-qualification-asia-2022-japan-south-korea/article66371250.ece']}","As of 2022, in which years did the Pakistani team not participate in the FIH World Cup?",2014
"{'topic': 'Science and technology', 'answer_type': 'Date', 'urls': ['https://en.wikipedia.org/wiki/Android_Honeycomb', 'https://en.wikipedia.org/wiki/Android_Honeycomb#:~:text=Unsupported%2C%20Google%20Play%20Services%20support%20dropped%20since%20January%202017', 'https://www.gadgets360.com/apps/news/google-play-services-to-discontinue-support-for-android-gingerbread-honeycomb-in-early-2017-1628725#:~:text=in%20Early%202017-,Google%20Play%20Services%20to%20Discontinue%20Support%20for%20Android%20Gingerbread%2C%20Honeycomb%20in%20Early%202017,-By%20Tasneem%20Akolawala']}",In which month and year were Google Play services dropped for Android Honeycomb?,January 2017.
"{'topic': 'Politics', 'answer_type': 'Place', 'urls': ['https://en.wikipedia.org/wiki/Asia%E2%80%93Europe_Meeting', ""https://en.wikipedia.org/wiki/Asia%E2%80%93Europe_Meeting#ASEM_Education_Ministers'_Meetings_(ASEMME)"", 'https://aseminfoboard.org/asem_events/2nd-asem-education-ministers-meeting-asem-me2/', 'https://www.highereducation.ac.cy/index.php/en/europaika-themata/asem-education-process']}",In what city was the 2nd ASEM Education Ministers' Meeting held?,Hanoi
"{'topic': 'Geography', 'answer_type': 'Number', 'urls': ['https://en.wikipedia.org/wiki/Yepishata', 'https://en.wikipedia.org/wiki/Yepishata', 'https://mapcarta.com/13280582']}","According to the last population update in 2010, what is the population of the rural locality of Yepishata in the Klyapovskoye Rural Settlement of Russia?",33
"{'topic': 'Politics', 'answer_type': 'Person', 'urls': ['https://www.ndtv.com/india-news/first-woman-officer-posted-at-siachen-hopes-to-inspire-girls-to-join-army-3840096#:~:text=Captain%20Shiva%20Chauhan%20of%20Fire,battlefield%20of%20the%20world%20Siachen.', 'https://www.ndtv.com/india-news/first-woman-officer-posted-at-siachen-hopes-to-inspire-girls-to-join-army-3840096', 'https://www.hindustantimes.com/india-news/meet-captain-shiva-chauhan-first-woman-officer-deployed-in-siachen-101678101056237.html#google_vignette', 'https://theprint.in/defence/army-deploys-woman-officer-for-the-1st-time-in-siachen-glaciers-kumar-post/1295750/']}","Who is the first woman officer to be operationally deployed to Kumar Post, Siachen?",Captain Shiva Chauhan
"{'topic': 'Science and technology', 'answer_type': 'Person', 'urls': ['Who was the recipient of the ISCB Accomplishment by a Senior Scientist Award in 2006?', 'https://en.wikipedia.org/wiki/ISCB_Senior_Scientist_Award', 'https://www.iscb.org/iscb-awards/accomplishment-senior-scientist-award', 'https://www.iscb.org/iscb-awards/1133']}",Who was awarded the ISCB Accomplishment by a Senior Scientist Award in 2010?,Chris Sander
"{'topic': 'History', 'answer_type': 'Date', 'urls': ['https://en.wikipedia.org/wiki/Arthur_L._Peterson', 'https://en.wikipedia.org/wiki/Arthur_L._Peterson', 'https://www.dignitymemorial.com/obituaries/menifee-ca/arthur-peterson-11217194', 'https://www.legacy.com/us/obituaries/pressenterprise/name/arthur-peterson-obituary?id=51630046']}","On what day, month, and year was Arthur Laverne Peterson, the American educator, born?","June 27, 1926"
"{'topic': 'Music', 'answer_type': 'Other', 'urls': [""https://en.wikipedia.org/wiki/Shubh#:~:text=Shubhneet%20Singh%20(born%2010%20August,'Still%20Rollin'%20in%202023."", 'https://www.thestatesman.com/entertainment/why-virat-hardik-kl-rahul-have-unfollowed-26-year-old-punjabi-rapper-from-brampton-1503223635.html', 'https://en.wikipedia.org/wiki/Shubh#:~:text=Shubh%20started%20in%202021%20with,Baller%22%20and%20%22Her%22.', 'https://www.business-standard.com/india-news/from-boat-to-virat-kohli-why-is-canadian-singer-shubh-facing-backlash-123092000385_1.html']}",What was the title of the single that Shubh released in 2021 with Irman Thiara?,Don't Look
"{'topic': 'Politics', 'answer_type': 'Date', 'urls': ['https://en.wikipedia.org/wiki/Raylene_Keightley', 'https://en.wikipedia.org/wiki/Raylene_Keightley#:~:text=Raylene%20May%20Keightley%20(born%2019,High%20Court%20of%20South%20Africa.', 'https://www.supremecourtofappeal.org.za/index.php/judges/acting-judges-of-the-supreme-court-of-appeal/31-acting-judges/105-keightley-raylene-may', 'https://www.supremecourtofappeal.org.za/index.php/judges/judges-of-the-supreme-court-of-appeal/8-judges']}","On what day, month, and year was Raylene Keightley, Judge of the High Court of South Africa, born?",19 November 1961
"{'topic': 'Science and technology', 'answer_type': 'Date', 'urls': ['https://en.wikipedia.org/wiki/Piasecki_VZ-8_Airgeep', ""https://en.wikipedia.org/wiki/Piasecki_VZ-8_Airgeep#:~:text=The%20AirGeep%20II's%20first%20flight,to%20be%20stable%20in%20flight."", 'https://vertipedia.vtol.org/milestones/getMilestone/milestoneID/103', 'https://commons.wikimedia.org/wiki/File:Piasecki_AIRGEEP_II_%28Army%29,_first_flight.jpg#:~:text=English%3A%20Title%3A-,Piasecki%20AIRGEEP%20II%20(Army)%2C%20first%20flight%20on%2015%20Feb%201962%2C%20over%20grass%20and%20concrete%20mat.,-NHHS%20Photo']}","What day, month, and year did the experimental aircraft AirGeep II have its first flight?","February 15, 1962"
"{'topic': 'Science and technology', 'answer_type': 'Person', 'urls': ['https://timesofindia.indiatimes.com/city/goa/isro-man-conferred-with-first-parrikar-scientist-award/articleshow/105970392.cms', 'https://theprint.in/india/isros-dr-mathavaraj-selected-for-goa-govts-first-manohar-parrikar-yuva-scientist-award/1849921/', 'https://timesofindia.indiatimes.com/city/goa/isro-man-gets-1st-manohar-parrikar-yuva-scientist-award/articleshow/105299742.cms', 'https://www.thehindu.com/sci-tech/science/isros-dr-mathavaraj-selected-for-goa-govts-first-manohar-parrikar-yuva-scientist-award/article67547094.ece']}",Who is the first recipient of the Manohar Parrikar Yuva Scientist Award?,Dr Mathavaraj S
"{'topic': 'TV shows', 'answer_type': 'Other', 'urls': ['https://en.wikipedia.org/wiki/World_War_Zimmerman', 'https://en.wikipedia.org/wiki/World_War_Zimmerman', 'https://southpark.fandom.com/wiki/World_War_Zimmerman#Synopsis']}",In which season and episode of South Park does Cartman shoot Token?,"seventeenth season, third episode"
"{'topic': 'Politics', 'answer_type': 'Date', 'urls': ['https://en.wikipedia.org/wiki/Elisabeth_Udolf-Strobl', 'https://en.wikipedia.org/wiki/Elisabeth_Udolf-Strobl', 'https://www.wikidata.org/wiki/Q64223573', 'https://www.ask-oracle.com/birthday/1956/04/12/']}","What day, month, and year was Elisabeth Udolf-Strobl born?",12 April 1956
"{'topic': 'Music', 'answer_type': 'Number', 'urls': ['https://en.wikipedia.org/wiki/Clint_Ballard_Jr.#:~:text=In%20addition%20to%20recording%20several,composer%20Burt%20Bacharach%20with%20his', 'https://en.wikipedia.org/wiki/Clint_Ballard_Jr.', 'https://fromthevaults-boppinbob.blogspot.com/2020/05/clint-ballard-jr-born-24-may-1921.html', 'https://en-academic.com/dic.nsf/enwiki/10728960']}","How old was Clint Ballard Jr. when he first played the piano for KTSM, an El Paso radio station?",Three years old.
"{'topic': 'TV shows', 'answer_type': 'Person', 'urls': ['https://en.wikipedia.org/wiki/The_Jeffersons', 'https://en.wikipedia.org/wiki/The_Jeffersons#:~:text=Bentley%20also%20had%20a%20bad,J%22.', 'https://the-jeffersons.fandom.com/wiki/The_Jeffersons_(1975_TV_Show)']}","In the series ""The Jeffersons,"" who called George and Louise ""Mr. J"" and ""Mrs. J""?",Harry Bentley
"{'topic': 'Art', 'answer_type': 'Place', 'urls': ['https://en.wikipedia.org/wiki/Palazzo_della_Cancelleria', 'https://en.wikipedia.org/wiki/Palazzo_della_Cancelleria#:~:text=The%20Palazzo%20della%20Cancelleria%20was,front%20continuing%20straight%20across%20it.', 'https://antiquatours.wordpress.com/2013/01/29/a-visit-to-palazzo-della-cancelleria/']}",What was the first palace in Rome to be erected from the ground up in the new Renaissance style?,The Palazzo della Cancelleria
"{'topic': 'TV shows', 'answer_type': 'Number', 'urls': ['https://en.wikipedia.org/wiki/Fleabag', 'https://www.theguardian.com/tv-and-radio/2019/sep/16/100-best-tv-shows-of-the-21st-century', 'https://www.imdb.com/list/ls095599821/']}",What place was Fleabag ranked in The Guardian's 2019 list of the 100 best TV shows of the 21st century?,8
"{'topic': 'Music', 'answer_type': 'Date', 'urls': ['https://en.wikipedia.org/wiki/Cannibal_Corpse', 'https://en.wikipedia.org/wiki/Cannibal_Corpse', 'https://thevogue.com/artists/cannibal-corpse/']}",In which month and year was Bob Rusay dismissed from Cannibal Corpse?,February 1993
"{'topic': 'Science and technology', 'answer_type': 'Date', 'urls': ['https://www.isro.gov.in/PSLVC56_DS_SAR_Mission.html#:~:text=The%20launch%20of%20PSLV%2DC56,at%2006%3A30%20hrs%20IST.', 'https://www.thehindu.com/sci-tech/science/isro-launches-pslv-c56-carrying-singapores-ds-sar-and-six-other-satellites/article67137876.ece#:~:text=Indian%20Space%20Research%20Organisation%E2%80%99s%20(ISRO)%20PSLV%2DC56%20carrying%20Singapore%E2%80%99s%20DS%2DSAR%20satellite%20along%20with%206%20co%2Dpassenger%20satellites%20lifts%20off%20from%20the%20launch%20pad%20at%20Satish%20Dhawan%20Space%20Centre%2C%20in%20Sriharikota%2C%20on%20July%2030%2C%202023.', 'https://euro-sd.com/2023/08/news/33199/iais-d-sar-satellite-successfully-launched-for-singapore/#:~:text=DS%2DSAR%2C%20a%20Singaporean%20synthetic%20aperture%20radar%20(SAR)%20Earth%20observation%20satellite%20developed%20and%20produced%20by%20Israel%20Aerospace%20Industries%20(IAI)%2C%20has%20been%20successfully%20launched%20into%20space%20on%20a%20PSLV%2DC56%20(Polar%20Satellite%20Launch%20Vehicle)%20rocket%2C%20IAI%20announced%20on%2030%20July%202023.']}","On which day, month, and year was the DS-SAR satellite launched from the Satish Dhawan Space Centre in India?","July 30, 2023"
"{'topic': 'Art', 'answer_type': 'Other', 'urls': ['https://en.wikipedia.org/wiki/Austrian_Decoration_for_Science_and_Art', 'https://en.wikipedia.org/wiki/Austrian_Decoration_for_Science_and_Art', 'https://www.wikiwand.com/en/Austrian_Cross_of_Honour_for_Science_and_Art', 'https://www.identifymedals.com/database/medals-by-period/post-ww2-medals/the-austrian-decoration-for-science-and-art/']}",What's the official motto of the Austrian Decoration for Science and Art?,Litteris et Artibus
"{'topic': 'Science and technology', 'answer_type': 'Other', 'urls': ['https://www.degruyter.com/document/doi/10.1515/zfs-2021-2039/html', 'https://orbi.uliege.be/bitstream/2268/291967/1/Georgakopoulos%26Polis_2022_SemanticMaps_Emotions.pdf']}","According to its caption, what are the two languages represented in Figure 3 of the paper 'New Avenues and Challenges in Semantic Map Research'?",Finnish and Wolof
"{'topic': 'Politics', 'answer_type': 'Date', 'urls': ['https://en.wikipedia.org/wiki/Gordon_Heights_Fire_Department', 'https://en.wikipedia.org/wiki/Gordon_Heights_Fire_Department', 'https://www.nytimes.com/2009/03/22/nyregion/long-island/22fireli.html#:~:text=Residents%20of%20Gordon%20Heights%2C%20a,Gordon%20Heights%20has%20936%20households.', 'https://archive.longislandpress.com/2011/02/11/special-district-consolidation-gains-steam-on-long-island/']}","On what day, month, and year was a second petition to dissolve the Gordon Heights Fire District in New York filed?","December 31, 2008"
"{'topic': 'Science and technology', 'answer_type': 'Person', 'urls': ['https://en.wikipedia.org/wiki/List_of_Penrose_Medal_winners\n\nhttps://profiles.stanford.edu/w-ernst', 'https://www.geosociety.org/GSA/about/awards/past/GSA/Awards/past.aspx#penrose', 'https://en.wikipedia.org/wiki/List_of_Penrose_Medal_winners', 'https://profiles.stanford.edu/w-ernst']}",Which scientist received the Penrose Medal the year after Peter R. Vail received his?,W. Gary Ernst
"{'topic': 'Science and technology', 'answer_type': 'Person', 'urls': ['https://en.wikipedia.org/wiki/Margaret_Oakley_Dayhoff_Award', 'https://www.biophysics.org/awards-funding/society-awards', 'https://en.wikipedia.org/wiki/Margaret_Oakley_Dayhoff_Award', 'https://en.wikipedia.org/wiki/Dorothee_Kern']}",Who won the Margaret Oakley Dayhoff Award in 2004?,Dorothee Kern
"{'topic': 'Science and technology', 'answer_type': 'Other', 'urls': ['https://support.google.com/docs/answer/13190535?hl=en&sjid=1952359806015756945-EU', 'https://support.google.com/docs/answer/13190535?hl=en#:~:text=LET%20function-,LET%20function,the%20value_expression%20results%20and%20returns%20the%20result%20of%20the%20formula_expression.,-Sample%20Usage', 'https://bettersheets.co/formulas/let#:~:text=Formulas%20%3E%20%3DLET(),the%20formula_expression.', 'https://support.google.com/docs/table/25273?hl=en#:~:text=The%20formula_expression%20can%20use%20the%20names%20defined%20in%20the%20scope%20of%20the%20LET%20function.']}",What Google Sheets formula assigns a name to the value_expression results and returns the result of the formula_expression?,LET function
"{'topic': 'Politics', 'answer_type': 'Date', 'urls': ['https://en.wikipedia.org/wiki/Ministry_of_Power_(India)#Cabinet_Ministers', 'https://en.wikipedia.org/wiki/Rao_ministry', 'https://economictimes.indiatimes.com/news/politics-and-nation/ex-minister-freedom-fighter-and-former-bcci-administrator-nkp-salve-passes-away/articleshow/12498027.cms?from=mdr', 'https://gulfnews.com/world/asia/india/nkp-salve-ex-minister-and-former-bcci-chief-dies-1.1002736']}","From which date, month, and year to which date, month, and year did the Indian politician N. K. P. Salve serve as the Minister of Power in the Indian government?",18 January 1993 - 16 May 1996
"{'topic': 'Sports', 'answer_type': 'Number', 'urls': ['https://en.wikipedia.org/wiki/Wiley_Griggs', 'https://en.wikipedia.org/wiki/Wiley_Griggs#:~:text=Griggs%20died%20in%20Birmingham%2C%20Alabama%20in%201996%20at%20age%2071.', 'https://www.findagrave.com/memorial/99229414/wiley-lee-griggs']}","At what age did Wiley Lee Griggs III, an American Negro league infielder, die?",71
"{'topic': 'Other', 'answer_type': 'Date', 'urls': ['https://en.wikipedia.org/wiki/Myers%E2%80%93Briggs_Type_Indicator', 'https://en.wikipedia.org/wiki/Myers%E2%80%93Briggs_Type_Indicator', 'https://personalityinstitute.tripod.com/mbtiresearchreport.htm', 'https://eu.themyersbriggs.com/en/tools/MBTI/Myers-Briggs-history']}",What year was the first MBTI manual published?,1962.
"{'topic': 'Politics', 'answer_type': 'Other', 'urls': ['https://en.wikipedia.org/wiki/Diana_Ramos', 'https://en.wikipedia.org/wiki/Diana_Ramos#:~:text=4%20References-,Education,the%20University%20of%20California%2C%20Irvine.', 'https://keck.usc.edu/news/california-surgeon-general-diana-ramos-md-puts-mental-health-and-inequities-of-care-at-the-top-of-her-statewide-to-do-list/', 'https://merage.uci.edu/press-releases/2021/05/UCI-Paul-Merage-School-of-Business-Announces-Dr.-Diana-Ramos-EMBA-21-as-Distinguished-Commencement-Speaker.html']}","From which university did the Surgeon General of California, Diana Ramos, earn her bachelor's degree?",University of Southern California.
"{'topic': 'Politics', 'answer_type': 'Person', 'urls': ['https://en.wikipedia.org/wiki/History_of_Kashmir#Post-1947', 'https://decodingworldaffairs.com/justice-awaited-even-after-30-years-of-exodus-of-kashmiri-pundits/', 'https://en.wikipedia.org/wiki/History_of_Kashmir', 'https://kashmir-rechords.com/38-years-of-anantnag-riots/']}",Which chief minister ordered the construction of a mosque at the site of a Hindu temple in Jammu in 1986?,Gul Shah
"{'topic': 'Science and technology', 'answer_type': 'Date', 'urls': ['https://en.wikipedia.org/wiki/Galip_Ulsoy#:~:text=Charles%20Russ%20Richards%20Memorial%20Award%20from%20ASME%20and%20Pi%20Tau%20Sigma%2C%202013', 'https://www.asme.org/about-asme/honors-awards/achievement-awards/charles-russ-richards-memorial-award', 'https://me.engin.umich.edu/news-events/news/ulsoy-receives-asme-charles-russ-richards-award/', 'https://ieeexplore.ieee.org/stamp/stamp.jsp?arnumber=6815800']}",In what year did Galip Ulsoy receive the Charles Russ Richards Memorial Award from ASME and Pi Tau Sigma?,2013
"{'topic': 'Science and technology', 'answer_type': 'Person', 'urls': ['https://en.wikipedia.org/wiki/Joan_Berkowitz', 'https://en.wikipedia.org/wiki/Joan_Berkowitz', 'https://www.electrochem.org/press-room/ecs-celebrates-the-international-day-of-women-and-girls-in-science/#:~:text=Talbot%20followed%20in%20the%20footsteps,at%20the%20236th%20ECS%20Meeting.']}",Which American chemist was the first female president of the Electrochemical Society?,Joan Berkowitz
"{'topic': 'Video games', 'answer_type': 'Date', 'urls': ['https://warcraft.wiki.gg/wiki/World_of_Warcraft:_Classic_Hardcore', ""https://en.wikipedia.org/wiki/World_of_Warcraft_Classic#:~:text=On%20August%2024%2C%202023%2C%20Blizzard,%2C%20known%20as%20Mak'gora."", 'https://www.ginx.tv/en/world-of-warcraft/classic-hardcore-release-date', 'https://www.wowhead.com/classic/news/when-does-hardcore-wow-classic-launch-334683']}","What day, month, and year was the earliest release of the World of Warcraft: Classic Hardcore official servers?",24 August 2023
"{'topic': 'Sports', 'answer_type': 'Number', 'urls': ['https://www.capetowncycletour.com/blog/the-1978-argus-cycle-tour/', 'https://www.capetowncycletour.com/blog/the-1978-argus-cycle-tour/', 'https://en.wikipedia.org/wiki/Cape_Town_Cycle_Tour', 'https://www.wikiwand.com/en/Cape_Town_Cycle_Tour']}","What time (hours, minutes, and seconds) did Lawrence Whittaker finish in when he won the first Cape Town Cycle Tour, formerly known as the Cape Argus Cycle Tour, in September 1978?",3:02:24
"{'topic': 'Geography', 'answer_type': 'Date', 'urls': ['https://en.wikipedia.org/wiki/Caldas,_Antioquia', 'https://en.wikipedia.org/wiki/Caldas,_Antioquia', 'https://www.caldasantioquia.gov.co/municipio/historia/', 'https://infolocal.comfenalcoantioquia.com/index.php/caldas']}","What year was the municipality of Caldas, Antioquia, Colombia, founded?",1840
"{'topic': 'Music', 'answer_type': 'Other', 'urls': ['https://vgmdb.net/album/28489', 'https://megamitensei.fandom.com/wiki/Never_More_-Reincarnation:_Persona_4-', 'https://gamefaqs.gamespot.com/boards/945498-shin-megami-tensei-persona-4/60536927', 'https://genius.com/albums/Shoji-meguro/Never-more-reincarnation-persona-4']}","What is the name of track 7 on the ""Never More Reincarnation"" album for Persona 4?",Reverie
"{'topic': 'Politics', 'answer_type': 'Person', 'urls': ['https://en.wikipedia.org/wiki/Otumfuo_Nana_Osei_Tutu_II', 'https://www.myjoyonline.com/otumfuo25-a-tale-of-asantehenes-exemplary-leadership-in-peace-building-and-development/', 'https://en.wikipedia.org/wiki/Otumfuo_Nana_Osei_Tutu_II', 'https://dailyguidenetwork.com/otumfuo-grabs-peace-award/']}","Who was the first person to be awarded the ""Pillar of Peace"" Award?",Otumfuo Osei Tutu II
"{'topic': 'Art', 'answer_type': 'Other', 'urls': ['https://undercoverism.com/collections/seasons/mens/2019ss', 'https://hypebeast.com/2018/6/undercover-spring-summer-2019', 'https://www.highsnobiety.com/p/jun-takahashi-undercover-new-warriors-documentary/', 'https://www.nitesha.com/?pid=169082536']}","During the 2019 Spring-Summer fashion season, Undercover by Jun Takahashi released a collection with what name?",The New Warriors
"{'topic': 'History', 'answer_type': 'Date', 'urls': ['https://www.ncpedia.org/biography/wilson-thomas-d-big-tom', 'https://www.findagrave.com/memorial/54745124/thomas_david-wilson', 'https://smokykin.com/tng/familygroup.php?familyID=F19474&tree=Smokykin', 'https://www.ncpedia.org/biography/wilson-thomas-d-big-tom']}","In what year did Thomas D. Wilson (""Big Tom"" Wilson) marry Niagara Ray, the daughter of Amos Ray?",1852
"{'topic': 'Sports', 'answer_type': 'Date', 'urls': ['https://en.wikipedia.org/wiki/Denys_Strekalin', 'https://en.wikipedia.org/wiki/Denys_Strekalin', 'https://www.eurosport.com/figure-skating/denys-strekalin_prs553399/person.shtml', 'https://www.isuresults.com/bios/isufs00113688.htm']}","On what day, month, and year was Denys Strekalin, a skater, born?",31 March 1999.
"{'topic': 'Science and technology', 'answer_type': 'Number', 'urls': ['https://www.sigmaphoto.com/sigma-fp', 'https://www.sigmaphoto.com/sigma-fp', 'https://sigmavietnam.com.vn/en/fp-2/#product_specifications', 'https://reykjavikfoto.is/vefverslun/myndavelar/videovelar/atvinnuvelar/sigma-fp-m-45mm-f-28/']}","When using EIS with the Sigma FP, what is my maximum shutter speed?","1/4,000 sec"
"{'topic': 'Other', 'answer_type': 'Person', 'urls': ['https://en.wikipedia.org/wiki/Sosoliso_Airlines_Flight_1145', ""https://en.wikipedia.org/wiki/Sosoliso_Airlines_Flight_1145#:~:text=The%20first%20officer%20was%20Gerad,a%20result%20of%20'satisfying'."", 'https://timenote.info/en/events/Sosoliso-Airlines-Flight-1145', 'https://www.pprune.org/african-aviation/201741-sosoliso-down-port-harcourt-2.html']}","What was the full name of the first officer of Sosoliso Airlines Flight 1145, which crashed in December 2005?",Gerad Yakubu Andan
"{'topic': 'Other', 'answer_type': 'Date', 'urls': ['https://en.wikipedia.org/wiki/Osteoarthritis', 'https://en.wikipedia.org/wiki/Osteoarthritis#:~:text=As%20of%202004%2C%20osteoarthritis%20globally,among%20291%20disease%20conditions%20assessed.', 'https://www.lb7.uscourts.gov/documents/14-11983.pdf']}",As of which year did osteoarthritis globally cause moderate to severe disability in 43.4 million people?,2004
"{'topic': 'Sports', 'answer_type': 'Date', 'urls': ['https://en.wikipedia.org/wiki/Hod_Stuart', 'https://en.wikipedia.org/wiki/Hod_Stuart#', 'https://kids.kiddle.co/Hod_Stuart', 'https://hockeygods.com/images/20059-Hod_Stuart___First_Professional_Hockey_Player_to_compete_for_the_Stanley_Cup']}","In what year did the Pittsburgh Bankers of the Western Pennsylvania Hockey League sign William Hodgson ""Hod"" Stuart to a professional contract?",1902
"{'topic': 'Art', 'answer_type': 'Date', 'urls': ['https://en.wikipedia.org/wiki/Dina_Nath_Walli', 'https://en.wikipedia.org/wiki/Dina_Nath_Walli', 'https://en.wikipedia-on-ipfs.org/wiki/Dina_Nath_Walli']}",In which year did Dina Nath Walli (an Indian watercolor artist and poet from Srinagar City) receive the AIFACS Veteran Artist Award?,1996
"{'topic': 'Politics', 'answer_type': 'Date', 'urls': ['https://en.wikipedia.org/wiki/Xiang_Zhang', 'https://www.mech.hku.hk/academic-staff/zhang-x', 'https://en.wikipedia.org/wiki/Xiang_Zhang', 'https://www.scifac.hku.hk/people/zhang-xiang']}",In which month and year did the mechanical engineer Zhang Xiang begin serving as the 16th and current president and vice-chancellor of the University of Hong Kong?,July 2018
"{'topic': 'Geography', 'answer_type': 'Other', 'urls': ['https://en.wikipedia.org/wiki/Nallah_Mar', 'https://en.wikipedia.org/wiki/Nallah_Mar#:~:text=Nallah%20Mar%20or%20Mar%20Canal,territory%20of%20Jammu%20and%20Kashmir.', 'https://www.howtopronounce.com/nallah', 'https://www.alamy.com/stock-photo-nallah-mar-mar-canal-mar-kol-a-navigational-canal-running-through-115216946.html']}","What is the other name of the ""Nallah Mar or Mar Canal"" of Srinagar, Kashmir?",Mar Kol
"{'topic': 'History', 'answer_type': 'Date', 'urls': ['https://en.wikipedia.org/wiki/White_Mountain_Central_Railroad', 'https://whitemountaincentralrr.com/history/railroad/', 'https://en.wikipedia.org/wiki/White_Mountain_Central_Railroad', 'https://local.aarp.org/place/the-white-mountain-central-railroad-lincoln-nh.html']}","What day, month, and year was the first ride on the White Mountain Central Railroad in New Hampshire?",30 July 1958
"{'topic': 'Other', 'answer_type': 'Person', 'urls': ['https://en.wikipedia.org/wiki/Ken_Kesey', 'https://en.wikipedia.org/wiki/Ken_Kesey', 'https://furthurdowntheroad.org/ken-kesey/', 'https://homework.study.com/explanation/did-mountain-girl-have-a-baby-with-ken-kesey.html']}",Who did Ken Kesey father Sunshine Kesey with?,"Carolyn ""Mountain Girl"" Adams."
"{'topic': 'Science and technology', 'answer_type': 'Date', 'urls': ['https://en.wikipedia.org/wiki/Klinefelter_syndrome', 'https://en.wikipedia.org/wiki/Klinefelter_syndrome', 'https://www.thelancet.com/journals/lancet/article/PIIS0140-6736(22)01476-3/abstract', 'https://doi.org/10.1016/S0140-6736(22)01476-3', 'https://bookcafe.yuntsg.com/ueditor/jsp/upload/file/20220912/1662963650284081803.pdf']}","What month and year did a team of scientists publish a study of a skeleton found in Bragança, northeastern Portugal, of a man who died around 1000 AD and was discovered to have a 47,XXY karyotype?",August 2022
"{'topic': 'Other', 'answer_type': 'Date', 'urls': ['https://en.wikipedia.org/wiki/Evi_Nemeth', 'https://www.sailmagazine.com/cruising/the-disappearance-of-the-nina#:~:text=The%20rescuers%20suspended%20their%20search,to%20find%20survivors%20or%20debris.', 'https://www.smh.com.au/national/lost-at-sea-20140205-32039.html']}","In what month did the New Zealand authorities officially end the search for the vintage yacht Niña, which disappeared while traveling across the Tasman Sea in 2013?",July
"{'topic': 'Geography', 'answer_type': 'Other', 'urls': ['https://en.wikipedia.org/wiki/Agriculture_and_Forestry_University', 'https://en.wikipedia.org/wiki/Agriculture_and_Forestry_University', 'https://www.afu.edu.np/', 'https://agrilinks.org/sites/default/files/resource/files/innoVATE-Nepal-country-assessment_FINAL_Sep_2013.pdf']}",What is the name of Nepal's first technical university that offers agricultural workforce development?,Agriculture and Forestry University
"{'topic': 'Politics', 'answer_type': 'Date', 'urls': ['https://en.wikipedia.org/wiki/Elliott_Fitch_Shepard#cite_note-Obituary-3', 'https://en.wikipedia.org/wiki/Elliott_Fitch_Shepard#:~:text=In%201881%2C%20US%20President%20Rutherford,New%20York%20Chamber%20of%20Commerce.', 'https://kids.kiddle.co/Elliott_Fitch_Shepard', 'https://books.google.co.nz/books?id=dVJ1O79_K2AC&pg=PA154&lpg=PA154&dq=Elliott+Shepard+nominated+for+United+States+Attorney+1881&source=bl&ots=1JRbjq54AQ&sig=ACfU3U15uIGoRYEoP7fZvlwmYlZDSGCXRQ&hl=en&sa=X&ved=2ahUKEwihjd6Ih6mHAxXHrlYBHSXqBj44ChDoAXoECCEQAw#v=onepage&q=Elliott%20Shepard%20nominated%20for%20United%20States%20Attorney%201881&f=false']}",In what year was Elliott Fitch Shepard nominated for United States Attorney for the Southern District of New York by President Rutherford B. Hayes?,1881
"{'topic': 'Sports', 'answer_type': 'Date', 'urls': ['https://en.wikipedia.org/wiki/Historical_European_martial_arts#The_modern_HEMA_community', 'https://socalswordfight.com/pages/about-socal-swordfight', 'https://en.wikipedia.org/wiki/Historical_European_martial_arts', 'https://www.youtube.com/channel/UC6miMqtbfm1DXm2EcEdL29A']}",What year was the first SoCal Sword Fight tournament held?,2012
"{'topic': 'Sports', 'answer_type': 'Place', 'urls': ['https://m.cricbuzz.com/cricket-match-facts/14614/rcb-vs-csk-20th-match-indian-premier-league-2015', 'https://www.iplt20.com/matches/results/2015', 'https://www.mykhel.com/cricket/ipl-2015-scorecard-s9978-818660/', 'https://www.mykhel.com/cricket/ipl-2015-scorecard-s9978-818660/', 'https://www.cricwaves.com/cricket/news/articles/piAp1WZkkB_drh-sevawcirc/ipl-8-indian-premier-league-2015-schedule-fixtures-time-table.html']}",In which stadium was the IPL 2015 20th match played?,M. Chinnaswamy Stadium
"{'topic': 'Music', 'answer_type': 'Place', 'urls': ['https://en.wikipedia.org/wiki/Dua_Lipa', 'https://en.wikipedia.org/wiki/Dua_Lipa', 'https://jat-epic-music.fandom.com/wiki/Dua_Lipa', 'https://www.camdennewjournal.co.uk/article/dua-lipas-former-school-plays-new-rules-to-pupils-each-morning']}",What primary school did Dua Lipa attend before moving to Kosovo with her family?,Fitzjohn's Primary School
"{'topic': 'Science and technology', 'answer_type': 'Date', 'urls': ['https://nssdc.gsfc.nasa.gov/nmc/spacecraft/query', 'https://en.wikipedia.org/wiki/OV1-13']}",In which month of 1968 was the OV1-13 spacecraft launched?,April
"{'topic': 'Sports', 'answer_type': 'Place', 'urls': ['https://en.wikipedia.org/wiki/Frank_Beamer', 'https://en.wikipedia.org/wiki/Frank_Beamer', 'https://digitalsc.lib.vt.edu/Ms2016-015/Ms2016-015_FrankBeamer', 'https://www.wfxrtv.com/sports/local-sports/frank-beamer-life-legacy-and-regrets/']}",In what town is the farm where Frank Beamer grew up located?,"Fancy Gap, VA"
"{'topic': 'Other', 'answer_type': 'Number', 'urls': ['https://mathshistory.st-andrews.ac.uk/Biographies/Mendelsohn/', 'https://mathshistory.st-andrews.ac.uk/Biographies/Mendelsohn/#:~:text=Mendelsohn%20married%20Helen%20and%20they,research%20interests%20are%20in%20combinatorics.', 'https://www.geni.com/people/Nathan-Mendelson/6000000010119686544']}","How many sons did Nathan Mendelsohn and his wife, Helen, have?",Two
"{'topic': 'TV shows', 'answer_type': 'Number', 'urls': ['https://en.wikipedia.org/wiki/What_We_Do_in_the_Shadows_(TV_series)', 'https://whatwedointheshadows.fandom.com/wiki/Djinn', 'https://en.wikipedia.org/wiki/The_Lamp_(What_We_Do_in_the_Shadows)#:~:text=The%20djinn%20will%20grant%2052,English%20so%20he%20can%20understand.', 'https://www.cheatsheet.com/entertainment/what-we-do-in-the-shadows-season-4-nandor-djinn-wishes.html/']}",How many wishes does the djinn give to Nandor in Season 4 of What We Do in the Shadows?,52
"{'topic': 'TV shows', 'answer_type': 'Date', 'urls': ['https://en.wikipedia.org/wiki/Teleri_Bevan', 'https://en.wikipedia.org/wiki/Teleri_Bevan#:~:text=In%201981%2C%20Bevan%20became%20the,Tom%20Jones%20and%20Indira%20Gandhi.', 'https://www.bbc.com/news/uk-wales-52495668']}",In what year did Teleri Bevan move from Deputy Head of Programs to Head of Programs for BBC Wales?,1985
"{'topic': 'TV shows', 'answer_type': 'Person', 'urls': ['https://walkingdead.fandom.com/wiki/Dog_(TV_Series)#:~:text=He%20was%20once%20the%20pet,Dog%20for%20the%20time%20being.', 'https://walkingdead.fandom.com/wiki/Dog_(TV_Series)', 'https://www.nme.com/news/tv/the-walking-dead-daryl-dogs-origin-story-has-been-revealed-2896015', 'https://nerdist.com/article/the-walking-dead-daryl-leah-crm/']}","As of 2022, what character (first and last name) was Dog's original owner on The Walking Dead TV series?",Leah Shaw
"{'topic': 'Sports', 'answer_type': 'Person', 'urls': ['https://en.wikipedia.org/wiki/Diane_Crump', 'https://incidentsofguidance.blogspot.com/2015/11/kathy-kusner.html', 'https://en.wikipedia.org/wiki/Jockey', ""https://www.derbymuseum.org/Exhibits/Detail/35/Right-to-Ride#:~:text=Beginning%20with%20Kathy%20Kusner's%20landmark,dedication%2C%20and%20skill%20as%20jockeys.""]}",What female disc jockey sued the Maryland Racing Commission for the right to be granted a license in 1968?,Kathy Kusner
"{'topic': 'Science and technology', 'answer_type': 'Date', 'urls': ['https://en.wikipedia.org/wiki/Gilbert_Morgan_Smith_Medal', 'https://nap.nationalacademies.org/read/10269/chapter/16#280', 'https://en.wikipedia.org/wiki/Gilbert_Morgan_Smith_Medal', 'https://www.mbl.edu/events?trumbaEmbed=view%3Devent%26eventid%3D174438822']}",In what year did Ruth Sager receive the Gilbert Morgan Smith Medal?,1988
"{'topic': 'Science and technology', 'answer_type': 'Other', 'urls': ['https://en.wikipedia.org/wiki/Danavorexton', 'https://en.wikipedia.org/wiki/Danavorexton#:~:text=Danavorexton%20(developmental%20code%20name%20TAK,compound%20and%20is%20administered%20intravenously.', 'https://www.pnas.org/doi/full/10.1073/pnas.2207531119', 'https://pubmed.ncbi.nlm.nih.gov/36108771/']}","What is the developmental code name for danavorexton, a selective orexin 2 receptor agonist?",TAK-925
"{'topic': 'Sports', 'answer_type': 'Place', 'urls': ['https://en.wikipedia.org/wiki/Battle_of_the_Nations_(Medieval_Tournament)', 'https://en.wikipedia.org/wiki/Battle_of_the_Nations_(Medieval_Tournament)#:~:text=The%20first%20tournament%20was%20held,or%2021%20on%20each%20side.', 'https://botn.info/botn-story/', 'https://military-history.fandom.com/wiki/Battle_of_the_Nations_(Medieval_Tournament)']}",Where was the first Battle of the Nations tournament held?,"Khotyn Fortress, Ukraine"
"{'topic': 'Science and technology', 'answer_type': 'Date', 'urls': ['https://www.scientificamerican.com/article/tissue-engineering-the-challenges-a/', 'https://www.semanticscholar.org/paper/Tissue-engineering%3A-the-challenges-ahead.-Langer-Vacanti/e3942859fc3dc89b06b500bac67822e428ba96c2#related-papers', 'https://www.scientificamerican.com/article/tissue-engineering-the-challenges-a/', 'https://doi.org/10.1038/scientificamerican0499-86']}","On which day, month, and year was the paper ""Tissue Engineering: The Challenges Ahead"" by Robert Langer published?"," April 1, 1999"
"{'topic': 'Science and technology', 'answer_type': 'Person', 'urls': ['https://en.wikipedia.org/wiki/Chemical_Industry_Medal#:~:text=Orrefice%2C%20Dow-,1984%20James%20Affleck,-%2C%20American%20Cyanamid', 'https://www.soci.org/awards/past-recipients/chemical-industry-medal']}","What is the surname of the individual who won the Chemical Industry Medal, an annual American award given to an industrial chemist by the Society of Chemical Industry America in 1984?",Affleck
"{'topic': 'Politics', 'answer_type': 'Date', 'urls': ['https://en.wikipedia.org/wiki/List_of_women_judges_of_the_Supreme_Court_of_India#List_of_Judges_in_chronology', 'https://www.sci.gov.in/judge/justice-ranjana-prakash-desai/#:~:text=She%20was%20elevated%20as%20a,2014%20(F.N.)', 'https://en.wikipedia.org/wiki/List_of_former_judges_of_the_Supreme_Court_of_India', 'https://en.wikipedia.org/wiki/Ranjana_Desai']}","On which day, month, and year did Ranjana Desai retire as a judge of the Supreme Court of India?",29 October 2014
"{'topic': 'Science and technology', 'answer_type': 'Person', 'urls': ['https://en.wikipedia.org/wiki/Kathy_Sykes', 'https://www.bristol.ac.uk/news/2006/5042.html#:~:text=As%20the%20winner%20of%20the,and%20a%20silver%20gilt%20medal.', 'https://en.wikipedia.org/wiki/Kohn_Award']}",What is the name of the British physicist who won the Kohn Award in 2006 for engaging the public with science?,Professor Kathy Sykes
"{'topic': 'Music', 'answer_type': 'Other', 'urls': ['https://en.wikipedia.org/wiki/Harry_Belafonte', 'https://en.wikipedia.org/wiki/Harry_Belafonte#:~:text=Belafonte%20was%20born%20Harold%20George,%E2%80%931988)%2C%20a%20housekeeper.', 'https://www.myheritage.com/research/record-10182-2113017/melvine-bellanfanti-in-biographical-summaries-of-notable-people', 'https://www.blackpast.org/african-american-history/belafonte-harry-1927/']}",What was the occupation of Harry Belafonte's mother?,Housekeeper
"{'topic': 'Art', 'answer_type': 'Person', 'urls': ['https://www.metmuseum.org/art/libraries-and-research-centers/watson-digital-collections/manuscript-collections/francis-henry-taylor-records', 'https://www.metmuseum.org/art/libraries-and-research-centers/watson-digital-collections/manuscript-collections/francis-henry-taylor-records#:', 'https://en.wikipedia.org/wiki/List_of_directors_of_the_Metropolitan_Museum_of_Art']}",What was the first and last name of the fifth director of the Metropolitan Museum of Art?,Francis Taylor
"{'topic': 'Science and technology', 'answer_type': 'Date', 'urls': ['https://en.wikipedia.org/wiki/ChromeOS', 'https://en.wikipedia.org/wiki/ChromeOS#:~:text=time%20operating%20system.-,Pwnium%20competition,with%20prizes%20available%20for%20attacks.', 'https://kids.kiddle.co/ChromeOS', 'https://thehackernews.com/2014/01/google-announces-27-million-reward-for.html']}","What were the month and year when Google hosted a hacking contest aimed at computer security experts called ""Pwnium""?",March 2014
"{'topic': 'Science and technology', 'answer_type': 'Date', 'urls': ['https://en.wikipedia.org/wiki/John_R._Ragazzini', 'https://www.asme.org/about-asme/honors-awards/achievement-awards/rufus-oldenburger-medal', 'https://pt.wikipedia.org/wiki/Medalha_Rufus_Oldenburger', 'https://www.wikiwand.com/en/John_R._Ragazzini']}",In what year did John Ralph Ragazzini receive the Rufus Oldenburger Medal?,1970
"{'topic': 'TV shows', 'answer_type': 'Other', 'urls': ['https://www.imdb.com/title/tt1032088/?ref_=tt_ep_pr', 'https://www.imdb.com/title/tt0247102/episodes/?season=8', 'https://en.wikipedia.org/wiki/List_of_Girlfriends_episodes#Season_8_(2007%E2%80%9308)']}","In Season 8, Episode 1 of ""Girlfriends,"" what expensive thing does Joan buy that makes her fiancé upset?",kitchen range
"{'topic': 'Geography', 'answer_type': 'Date', 'urls': ['https://en.wikipedia.org/wiki/Ramiriqu%C3%AD', 'https://en.wikipedia.org/wiki/Ramiriqu%C3%AD', 'https://www.ramiriqui-boyaca.gov.co/municipio/nuestro-municipio', 'https://www.familysearch.org/es/wiki/Ramiriqu%C3%AD,_M%C3%A1rquez,_Boyac%C3%A1,_Colombia_-_Genealog%C3%ADa']}","What year was the municipality of Ramiriquí, Boyacá, Colombia, founded?",1541
"{'topic': 'Science and technology', 'answer_type': 'Person', 'urls': ['https://www.acm.org/articles/bulletins/2021/october/acm-awards-videos-lawler', 'https://awards.acm.org/lawler', 'https://news.cs.washington.edu/2021/06/09/allen-schools-richard-anderson-receives-acm-eugene-l-lawler-award-for-humanitarian-contributions-through-computing/']}",Who is the recipient of the 2020 ACM Eugene L. Lawler Award?,Richard Anderson
"{'topic': 'Art', 'answer_type': 'Place', 'urls': ['https://en.wikipedia.org/wiki/Margaret_Gardiner_(art_collector)', 'Hillhttps://en.wikipedia.org/wiki/Margaret_Gardiner_(art_collector)#:~:text=She%20made%20her%20home%20at,)%2C%20author%20of%20Black%20Athena.', 'https://www.pierartscentre.com/blog/24/7/2019/margaret-gardiner-and-naum-gabo', 'https://downshirehillra.com/living-history-downshire-hill/']}","What was the Hampstead, London, street address of art collector Margaret Gardiner's home?",35 Downshire Hill
"{'topic': 'Science and technology', 'answer_type': 'Number', 'urls': ['https://www.eni.com/en-IT/media/press-release/2021/07/eni-announces-significant-discovery-block-ghana.html', 'https://www.eni.com/en-IT/media/press-release/2021/07/eni-announces-significant-discovery-block-ghana.html#:~:text=Eban%20%2D%201X%20proved%20a%20single,3949m%20(true%20vertical%20depth).', 'https://www.oilfieldtechnology.com/exploration/07072021/eni-makes-oil-discovery-offshore-ghana/']}",What was the true vertical depth in meters at which hydrocarbons were encountered in the Eban-1X well?,3949m
"{'topic': 'Sports', 'answer_type': 'Place', 'urls': ['https://dailytimes.com.pk/531706/pakistans-notable-sports-personalities-who-left-us-in-2019/', 'https://en.wikipedia.org/wiki/Abdul_Hamid_(field_hockey)#:~:text=Died,%2C%20Punjab%2C%20Pakistan', 'https://www.thenews.com.pk/print/497284-hockey-icon-brig-hamidi-passes-away', 'https://www.nation.com.pk/12-Jul-2019/brig-hamidi-passes-away-at-cmh-rawalpindi']}",In which city did Pakistan hockey’s icon Brig. (r) Abdul Hamid Hamidi take his last breath?,Rawalpindi
"{'topic': 'Other', 'answer_type': 'Number', 'urls': ['https://en.wikipedia.org/wiki/Vampire_number', 'https://en.wikipedia.org/wiki/Vampire_number', 'https://www.geeksforgeeks.org/vampire-number/', 'https://www.shyamsundergupta.com/Vampire.htm']}",What is the third vampire number in recreational mathematics?,1435
"{'topic': 'Science and technology', 'answer_type': 'Person', 'urls': ['https://en.wikipedia.org/wiki/V._M._Goldschmidt_Award', 'https://en.wikipedia.org/wiki/V._M._Goldschmidt_Award', 'https://www.geochemsoc.org/honors/awards/vmgoldschmidtaward', 'https://en.wikipedia.org/wiki/Miriam_Kastner']}",Who was awarded the V. M. Goldschmidt Award in 2015?,Miriam Kastner
"{'topic': 'Science and technology', 'answer_type': 'Person', 'urls': ['https://en.wikipedia.org/wiki/John_J._Carty_Award_for_the_Advancement_of_Science', 'https://www.nasonline.org/programs/awards/john-j-carty-award.html', 'https://en.wikipedia.org/wiki/John_J._Carty_Award_for_the_Advancement_of_Science', 'https://en.wikipedia.org/wiki/Marina_Ratner']}",Who was awarded the John J. Carty Award for the Advancement of Science in 1994?,Marina Ratner
"{'topic': 'Other', 'answer_type': 'Person', 'urls': ['https://fatimasydow.co.za/2019/09/03/the-journey/', 'https://www.instagram.com/fatima_sydow_cooks/p/CzicRzLtaz-/?img_index=1', 'https://www.facebook.com/photo.php?fbid=914973819986471&id=100044215850107&set=a.201985141285346', 'https://www.womanandhomemagazine.co.za/today-on-woman-and-home/fatima-sydows-family-confirms-news-of-her-passing/']}",What is the name and surname of the late celebrity chef Fatima Sydow's birth mother?,Waseela Sydow.
"{'topic': 'Art', 'answer_type': 'Date', 'urls': ['https://en.wikipedia.org/wiki/Zanele_Muholi#Awards', 'https://gallatin.nyu.edu/utilities/events/2016/02/zanelemuholi.html', 'http://www.neofundi.com/profiles/blogs/glamour-women-of-the-year-2013', 'https://en.wikipedia.org/wiki/Zanele_Muholi']}",What year did Glamour Magazine first name Zanele Muholi 'Campaigner of the Year'?,2013
"{'topic': 'Science and technology', 'answer_type': 'Date', 'urls': ['https://en.wikipedia.org/wiki/Mediumwave_transmitter_Lopik', 'https://en.wikipedia.org/wiki/Mediumwave_transmitter_Lopik#:~:text=The%20Mediumwave%20transmitter%20Lopik%20was,Radio%20Maria%20on%20675%20kHz.', 'https://www.routeyou.com/en-nl/location/view/50580759/mediumwave-transmitter-lopik']}","On what day, month, and year was the Mediumwave transmitter Lopik, a medium-wave broadcasting facility near Lopik in the Netherlands, closed down?",1 September 2015
"{'topic': 'Video games', 'answer_type': 'Other', 'urls': ['https://outlast.fandom.com/wiki/Eddie_Gluskin/Dialogues', 'https://www.imdb.com/title/tt3388490/characters/nm2068286', 'https://horror-games.fandom.com/wiki/Eddie_Gluskin_(Outlast:_Whistleblower)#:~:text=A%20dying%20Eddie%20uses%20his,on%20the%20bar%2C%20killing%20him.', 'https://outlast.fandom.com/wiki/Eddie_Gluskin/Dialogues']}",What were Eddie Gluskin's last words in the Whistleblower DLC for the 2013 video game Outlast?,We could have been beautiful
"{'topic': 'Art', 'answer_type': 'Person', 'urls': ['https://archives.nypl.org/dan/18602', 'https://archives.nypl.org/dan/18602#:~:text=Board%20members%20were%20also%20expected,of%20running%20the%20dance%20company.', 'https://www.mercecunningham.org/themes/default/db_images/documents/Merce_Legacy_Plan.pdf', 'https://www.nytimes.com/1994/11/01/arts/foundation-head-resigns.html']}",What were the first and last names of the Cunningham Dance Foundation's first executive director?,Art Becofsky
"{'topic': 'Geography', 'answer_type': 'Place', 'urls': ['https://en.wikipedia.org/wiki/Comair_(South_Africa)#kulula.com', 'https://en.wikipedia.org/wiki/Comair_(South_Africa)', 'https://www.dc-3.co.za/dc-3-individual-aircraft-history/cn-19484.html', 'https://www.baaa-acro.com/crash/crash-douglas-c-47a-75-dl-graskop']}","What is the name of the small town near which the Douglas C-47A ZS-EJK, operated by Comair Ltd, crashed into a mountain in October 1982?",Graskop
"{'topic': 'Music', 'answer_type': 'Place', 'urls': ['https://de.wikipedia.org/wiki/Rheinenergiestadion', 'https://www.setlist.fm/setlist/die-arzte/2006/rheinenergiestadion-cologne-germany-6bd6f6f6.html', 'https://www.show-hire.de/en/projects/', 'https://www.tourdatenarchiv.de/setlist/65/01/Einzelgigs/K-ln-Rhein-Energie-Stadion-br-small-rzte-statt-B-ller-small-/']}",In which stadium did Die Ärzte play on New Year's Eve 2006?,RheinEnergieStadion
"{'topic': 'History', 'answer_type': 'Date', 'urls': ['https://en.wikipedia.org/wiki/Sing_Sing', 'https://en.wikipedia.org/wiki/Sing_Sing#:~:text=In%201943%2C%20the%20old%20cellblock,it%20judged%20every%20correctional%20facility.', 'https://www.crimelibrary.org/notorious_murders/famous/sing_sing/13.html', 'https://www.correctionhistory.org/auburn&osborne/bighouse5.htm']}",In what year was the Sing Sing Correctional Facility accredited for the first time?,1989
"{'topic': 'Geography', 'answer_type': 'Date', 'urls': ['https://en.wikipedia.org/wiki/Venecia,_Antioquia', 'https://en.wikipedia.org/wiki/Venecia,_Antioquia', 'http://repositorio.gestiondelriesgo.gov.co/handle/20.500.11762/29955#:~:text=Venecia%20fue%20fundada%20en%20el,ciudad%20de%20Medell%C3%ADn%2C%20su%20capital.', 'https://www.puebliandoporantioquia.com.co/subregion-suroeste/municipio-venecia/']}","What year was the municipality of Venecia, Antioquia, Colombia, founded?",1898
"{'topic': 'Geography', 'answer_type': 'Place', 'urls': ['https://en.wikipedia.org/wiki/Michael_Creutz', ""https://en.wikipedia.org/wiki/Michael_Creutz#:~:text=Creutz%20was%20born%20in%201944,the%20time%20of%20Michael's%20birth."", 'https://www.aip.org/history-programs/niels-bohr-library/oral-histories/46986']}",In which state of the U.S. was Michael John Creutz born in 1944?,New Mexico
"{'topic': 'Science and technology', 'answer_type': 'Date', 'urls': ['https://mathshistory.st-andrews.ac.uk/Biographies/Flajolet/', 'https://www.inria.fr/en/philippe-flajolet-recompense-a-titre-posthume#:~:text=Awarded%20the%20Grand%20prix%20Scienceby,2010%2C%20the%20career%20of%20this', 'https://mathshistory.st-andrews.ac.uk/Biographies/Flajolet/', 'https://www.mat.univie.ac.at/~slc/divers/flajolet/index.html']}",In what year was Philippe Flajolet awarded the Grand Prix Scientifique by the Union des Assurances de Paris?,1986
"{'topic': 'Politics', 'answer_type': 'Date', 'urls': ['https://digitallibrary.un.org/record/111955/?ln=en&v=pdf', 'https://en.wikipedia.org/wiki/United_Nations_Security_Council_Resolution_47', 'http://unscr.com/en/resolutions/47']}","On what day, month, and year did the United Nations Security Council pass its first resolution on Kashmir?",21 April 1948
"{'topic': 'TV shows', 'answer_type': 'Person', 'urls': ['https://en.wikipedia.org/wiki/Nobita_Nobi', 'https://en.wikipedia.org/wiki/List_of_Doraemon_characters#:~:text=Nobiru%20Nobi%20(%E9%87%8E%E6%AF%94%20%E3%81%AE%E3%81%B3%E3%82%8B%2C%20Nobi,he%20loved%20him%20very%20much.', 'https://doraemon.fandom.com/wiki/Nobiru_Nobi', 'https://en.wikipedia.org/wiki/Nobita_Nobi']}",What is the name of Nobita Nobi's paternal grandfather?,Nobiru Nobi
"{'topic': 'Other', 'answer_type': 'Date', 'urls': ['https://en.wikipedia.org/wiki/Noetic_Learning_math_contest', 'https://en.wikipedia.org/wiki/Noetic_Learning_math_contest', 'https://admissionsight.com/noetic-learning-math-contest/', 'https://www.noetic-learning.com/about.jsp']}",In what year was the Noetic Learning Math Contest founded by Li Kelty?,2007.
"{'topic': 'Art', 'answer_type': 'Other', 'urls': ['https://parks.canada.ca/culture/~/~/link.aspx?_id=366DD701BFC5485FBD32A72E5D4F00B4&_z=z', 'https://parks.canada.ca/culture/designation/lieu-site/wasyl', 'https://www.mennotoba.com/wasyl-negrych-homestead/,']}",What style are the roofs of the ten buildings at the Wasyl Negrych Homestead?,long-shingled Carpathian roof
"{'topic': 'Science and technology', 'answer_type': 'Date', 'urls': ['https://en.wikipedia.org/wiki/Mohamed_bin_Zayed_University_of_Artificial_Intelligence', 'https://en.wikipedia.org/wiki/Mohamed_bin_Zayed_University_of_Artificial_Intelligence#:~:text=The%20current%20president%2C%20Professor%20Eric,as%20the%20founding%2C%20interim%20president.', 'https://mbzuai.ac.ae/news/mbzuai-appoints-world-renowned-leading-ai-academic-professor-dr-eric-xing-as-president/']}",In what month and year did Eric Xing join the Mohamed bin Zayed University of Artificial Intelligence?,January 2021
"{'topic': 'Video games', 'answer_type': 'Person', 'urls': ['https://www.behindthevoiceactors.com/video-games/The-Legend-of-Heroes-Trails-of-Cold-Steel/japanese-cast/', 'https://www.behindthevoiceactors.com/video-games/The-Legend-of-Heroes-Trails-of-Cold-Steel/Jusis-Albarea/', 'https://www.behindthevoiceactors.com/Shinnosuke-Tachibana/', 'https://en.wikipedia.org/wiki/Shinnosuke_Tachibana']}","Who is the Japanese voice actor for Jusis Albarea in ""Trails of Cold Steel 1""?",Shinnosuke Tachibana
"{'topic': 'Video games', 'answer_type': 'Date', 'urls': ['https://warcraft.wiki.gg/wiki/Totemic_Focus_(Classic)', 'https://warcraft.wiki.gg/wiki/Totemic_Focus_(Classic)', 'https://wowpedia.fandom.com/wiki/Totemic_Focus_(Classic)']}",In what patch was the classic version Shaman class ability Totemic Focus removed in World of Warcraft?,Patch 5.0.4
"{'topic': 'Politics', 'answer_type': 'Person', 'urls': ['https://en.wikipedia.org/wiki/Indira_Gandhi_National_Open_University', 'https://en.wikipedia.org/wiki/Indira_Gandhi_National_Open_University#', 'http://www.ignou.ac.in/upload/convocationall.htm']}","Who was the chief guest of the first convocation of Indira Gandhi National Open University, New Delhi, held in 1989?",Rajiv Gandhi
"{'topic': 'Politics', 'answer_type': 'Date', 'urls': ['https://web.archive.org/web/20181215134228/http://nationalgreenhighway.org/introduction-to-nghm', 'https://everainglobal.com/partner-details.php?id=33', 'https://en.wikipedia.org/wiki/National_Highways_Authority_of_India#:~:text=The%20Ministry%20of%20Road%20Transport%20and%20Highways%20(MoRTH)%2C%20Government,sustainable%20environment%20and%20inclusive%20growth.', 'https://www.thehindu.com/news/national/govt-launches-green-highways-policy/article7702950.ece']}","On which day, month, and year did the Ministry of Road Transport and Highways (MoRTH), Government of India, promulgate the Green Highways (Plantations, Transplantations, Beautification and Maintenance) Policy – 2015?",September 29 2015
"{'topic': 'Geography', 'answer_type': 'Date', 'urls': ['https://en.wikipedia.org/wiki/Alexandra_Palace', 'https://en.wikipedia.org/wiki/Alexandra_Palace#:~:text=In%202013%2C%20Alexandra%20Park%20was,for%20Nature%20Conservation%2C%20Grade%201.', 'https://kids.kiddle.co/Alexandra_Palace', 'https://secret-traveller.com/2015/09/30/secret-bits-london-alexandra-palace-park/']}",In which year was Alexandra Park declared a local nature reserve?,2013
"{'topic': 'Geography', 'answer_type': 'Other', 'urls': ['https://en.wikipedia.org/wiki/Typhoon_Wutip_(2019)', ""https://en.wikipedia.org/wiki/2019_Pacific_typhoon_season#:~:text=The%20season's%20first%20typhoon%2C%20Wutip,February%20in%20the%20Northern%20Hemisphere."", 'https://en.wikipedia.org/wiki/Typhoon_Wutip_(2019)', 'https://www.wunderground.com/cat6/Early-Start-2019-Typhoon-Season-Category-2-Wutip-Heads-Towards-Guam']}",What's the first typhoon of the 2019 Pacific typhoon season called?,Wutip
"{'topic': 'Science and technology', 'answer_type': 'Date', 'urls': ['https://en.wikipedia.org/wiki/Database', 'https://en.wikipedia.org/wiki/Database#1970s,_relational_DBMS', 'https://courses.aiu.edu/DATABASE%20SYSTEMS%20AND%20KNOWLEDGE%20MANAGEMENT/SEC%208/SEC%208.pdf', 'https://wiki.edunitas.com/IT/en/114-10/MICRO-Information-Management-System_11455_eduNitas.html']}",What year did the University of Michigan begin development of the MICRO Information Management System based on D.L. Childs' Set-Theoretic Data model?,1970
"{'topic': 'Sports', 'answer_type': 'Number', 'urls': ['https://en.wikipedia.org/wiki/Italy_at_the_1964_Winter_Olympics', 'https://en.wikipedia.org/wiki/Italy_at_the_1964_Winter_Olympics', 'https://www.olympedia.org/countries/ITA']}",How many competitors did Italy bring to the 1964 Winter Olympics? How many of them were male and female?,"61. 53 male, 8 female."
"{'topic': 'Sports', 'answer_type': 'Number', 'urls': ['https://enzoferrari18.weebly.com/enzo-ferrari-father-of-ferrari.html', 'https://en.wikipedia.org/wiki/Enzo_Ferrari#:~:text=When%20he%20was%2010%20he%20witnessed%20Felice%20Nazzaro%27s%20win%20at%20the%201908%20Circuito%20di%20Bologna%2C%20an%20event%20which%20inspired%20him%20to%20become%20a%20racing%20driver.', 'https://www.imdb.com/name/nm0274060/bio/#:~:text=At%20the%20age%20of%2010%20Enzo%20saw%20several%20car%20races%20in%20the%201908%20Circuit%20di%20Bologna%2C%20and%20he%20decided%20to%20become%20a%20race%20car%20driver.', 'https://www.biography.com/athlete/enzo-ferrari#:~:text=The%20second%20child%20of%20parents%20Adalgisa%20and%20Alfredo%2C%20who%20was%20a%20metal%20worker%2C%20Ferrari%20was%20bitten%20by%20the%20racing%20bug%20at%20age%2010%2C%20when%20his%20dad%20took%20him%20to%20watch%20a%20motor%20car%20race%20in%20Bologna.']}",At what age did Enzo Ferrari (founder of Ferrari) decide to pursue racing?,10
"{'topic': 'TV shows', 'answer_type': 'Person', 'urls': [""https://en.wikipedia.org/wiki/Snatch_Game#:~:text=Tatianna%20(left)%20won%20on%20season,Mo'Nique%20(right)."", 'https://en.wikipedia.org/wiki/Snatch_Game', 'https://www.youtube.com/watch?v=oPtRyHM3c7Q', 'https://en.wikipedia.org/wiki/Tatianna']}",Who won Season 2 Snatch Game on RPDR?,Tatianna
"{'topic': 'Science and technology', 'answer_type': 'Number', 'urls': ['https://en.wikipedia.org/wiki/Solanum_albidum', 'https://en.wikipedia.org/wiki/Solanum_albidum#:~:text=It%20can%20be%20either%20a,%E2%80%930.59%20in)%20in%20diameter.', 'https://www.mindat.org/taxon-2931564.html', 'https://solanaceaesource.myspecies.info/content/solanum-albidum']}",Solanum albidum grows dull yellow berries that are between 0.31 inches and what inches in diameter?,0.59
"{'topic': 'Art', 'answer_type': 'Date', 'urls': ['https://kettererkunst.com/bio/AlexejvonJawlensky-1864-1941.php', 'https://en.wikipedia.org/wiki/Alexej_von_Jawlensky#:~:text=Expelled%20from%20Germany%20in%201914,his%20in%20the%20United%20States.', 'https://kettererkunst.com/bio/AlexejvonJawlensky-1864-1941.php', 'https://kettererkunst.com/bio/AlexejvonJawlensky-1864-1941.php']}",In what year was Alexej von Jawlensky expelled from Germany?,1914.
"{'topic': 'Other', 'answer_type': 'Person', 'urls': ['https://en.wikipedia.org/wiki/Motaz_Azaiza', 'https://en.wikipedia.org/wiki/Motaz_Azaiza#:~:text=Motaz%20Hilal%20Azaiza%20(Arabic%3A%20%D9%85%D8%B9%D8%AA%D8%B2,a%20Palestinian%20photojournalist%20from%20Gaza.', 'https://www.gqmiddleeast.com/culture/voices-for-motaz-azaiza']}","What is the middle name of Motaz Azaiza, Palestinian journalist?",Hilal
"{'topic': 'Science and technology', 'answer_type': 'Other', 'urls': [""https://kayhan.ir/en/news/67653/the-shrimps-heart-is-in-its-head#:~:text=A%20shrimp's%20heart%20is%20located,part%20of%20the%20shrimps%20head."", 'https://americanshrimp.com/shrimp-school-why-shrimp-hearts-are-in-their-heads/', 'https://kayhan.ir/en/news/67653/the-shrimps-heart-is-in-its-head', 'https://quipoquiz.com/en/questions/the-heart-of-the-shrimp-is-located-in-its-tail']}",Where is the heart of a shrimp located?,Head
"{'topic': 'Art', 'answer_type': 'Other', 'urls': ['https://www.viviennewestwood.com/en-us/westwood-world/the-story-so-far/', 'https://www.metmuseum.org/art/collection/search/95531', 'https://www.viviennewestwood.com/westwood-world/the-story-so-far/', 'https://www.sarahaaronson.com/blog/edbit1s1t81rd64ob5bgyj28qsenau']}",What is the name of Vivienne Westwood's Spring/Summer 1982 collection?,Savage
"{'topic': 'Geography', 'answer_type': 'Person', 'urls': ['https://en.wikipedia.org/wiki/Bullard_Mountain', 'https://en.wikipedia.org/wiki/Bullard_Mountain#:~:text=Bullard%20Mountain%20is%20named%20for%20Benjamin%20Bullard%20%281848-1933%29%2C,where%20he%20later%20built%20a%20hydroelectric%20power%20plant.', 'https://edits.nationalmap.gov/apps/gaz-domestic/public/search/names/1399563', 'https://alaska.guide/Mountain/Bullard-Mountain']}",Who was Bullard Mountain named after in the Boundary Ranges in Alaska?,Benjamin Bullard
"{'topic': 'Art', 'answer_type': 'Date', 'urls': ['https://en.wikipedia.org/wiki/Kara_Walker#Recognition', 'https://en.wikipedia.org/wiki/Kara_Walker', 'https://foundation.generali.at/en/collection/kara-walker/', 'https://www.blackqube.de/kara-walker-at-sikkema-jenkins-ny/']}",What year was Kara Walker elected to be an Honorary Royal Academician at the Royal Academy of Arts in London?,2019
"{'topic': 'Science and technology', 'answer_type': 'Person', 'urls': ['https://citeseerx.ist.psu.edu/document?repid=rep1&type=pdf&doi=6b9c5175b91dc3a6329739c51640bd56dfa6295d (PDF).\n\nhttps://www.sciencedirect.com/science/article/abs/pii/S1087079299900710', 'https://maxmilo.com/en/pages/la-science-au-dessus-du-berceau-references', 'https://www.ncbi.nlm.nih.gov/pmc/articles/PMC4643535/', 'https://psycnet.apa.org/record/2013-34445-015']}","Who are the two authors who wrote the review paper ""Infant sleep disturbance: Description of a problem behavior process,"" published in Volume 3, Number 4 of Sleep Medicine Reviews in 1999?","France, Karyn G. and Blampied, Neville M."
"{'topic': 'Science and technology', 'answer_type': 'Date', 'urls': ['https://www.moneyhub.co.nz/gaspy-review.html#:~:text=Launched%20in%202016%2C%20Gaspy%20has,to%20save%20money%20on%20fuel.\n\nhttps://www.stuff.co.nz/business/better-business/120632747/fuel-price-app-gaspy-reaches-500000-members', 'https://www.moneyhub.co.nz/gaspy-review.html', 'https://en.wikipedia.org/wiki/Gaspy#:~:text=Gaspy%20was%20started%20in%202016,of%20Hwem%20to%20potential%20clients.', 'https://www.nzherald.co.nz/bay-of-plenty-times/news/tauranga-cheap-fuel-app-reaches-15000-users-after-nationwide-surge/YJ5BSH5HXV2KH2ZYGLXBTVDGMY/']}",What year did the Gaspy app launch in New Zealand?,2016
"{'topic': 'Politics', 'answer_type': 'Date', 'urls': ['https://en.wikipedia.org/wiki/Florence_Farmer', 'https://en.wikipedia.org/wiki/Florence_Farmer', 'https://www.ukbmdcertificateordering.co.uk/certapp.php?type=deaths&data=FARMER%7CFlorence+A%7CStone%7CNewcastle-Under-Lyme%7C1958%7C1958%7C%7CST%3ASTE%2F23C%2F199%7C.%2Fcgi%2Fstaffordshire%2Fdeaths%2F1958%2FF%7C993%7Cstaffordshire%7CNL%7C85&lang=', 'https://www.ancestry.com/genealogy/records/florence-ann-farmer-24-500m6l']}","On what day, month, and year did Florence Farmer, a pioneer of women in politics in Stoke-on-Trent, Staffordshire, England, die?","June 26, 1958"
"{'topic': 'Geography', 'answer_type': 'Date', 'urls': ['https://es.wikipedia.org/wiki/Santa_B%C3%A1rbara_(Antioquia)', 'https://www.santabarbara-antioquia.gov.co/municipio/nuestro-municipio', 'https://es.wikipedia.org/wiki/Santa_B%C3%A1rbara_(Antioquia)', 'https://www.puebliandoporantioquia.com.co/subregion-suroeste/municipio-santa-barbara/']}","In which year was the municipality of Santa Bárbara, Antioquia, Colombia, founded?",1774
"{'topic': 'Sports', 'answer_type': 'Date', 'urls': ['https://en.wikipedia.org/wiki/Fair_Play_(horse)', 'https://en.wikipedia.org/wiki/Fair_Play_(horse)', 'http://www.americanclassicpedigrees.com/fair-play.html', 'https://www.wikiwand.com/en/Fair_Play_(horse)']}","On what day, month, and year was Man O' War's sire born?",1 April 1905
"{'topic': 'Politics', 'answer_type': 'Person', 'urls': ['https://en.wikipedia.org/wiki/Farooq_Abdullah', ""https://en.wikipedia.org/wiki/Farooq_Abdullah#:~:text=Subsequently%2C%20Farooq%20Abdullah%20resigned%20in,the%20state's%20assembly%20was%20dismissed."", 'http://www.uniindia.com/news/states/j-k-had-13-cms-eight-spells-of-governor-s-rule/1266190.html', 'https://en.wikipedia.org/wiki/Exodus_of_Kashmiri_Hindus']}",What was the name of the governor in Kashmir Valley who was appointed after the resignation of Dr. Farooq Abdullah?,Jagmohan.
"{'topic': 'Geography', 'answer_type': 'Date', 'urls': ['https://es.wikipedia.org/wiki/Betulia_(Antioquia)', 'https://www.familysearch.org/en/wiki/Betulia,_Suroeste,_Antioquia,_Colombia_Genealogy', 'https://www.dreamstime.com/betulia-antioquia-colombia-december-immaculate-conception-parish-colombian-catholic-church-located-one-coffee-image304610780?utm_source=schema&utm_medium=googleimages&utm_campaign=image', 'https://www.wikidata.org/wiki/Q426415']}","What year was the municipality of Betulia, Antioquia, Colombia, founded?",1849
"{'topic': 'Art', 'answer_type': 'Person', 'urls': ['https://www.heritagetrust.on.ca/properties/mather-walls-house#:~:text=In%201889%2C%20Mather%20built%20three,as%20the%20Mather%2DWalls%20House.', 'https://www.heritagetrust.on.ca/properties/mather-walls-house#:~:text=Preserved%20by%20the%20Ontario%20Heritage,by%20Winnipeg%20architect%20George%20Browne.', 'https://visitsunsetcountry.com/mather-walls-house', 'https://familylineagesandhistory.blogspot.com/2011/04/conservation-work-completed-at-mather.html']}",What was the name of the architect who designed the Mather-Walls House (built in 1889) in Kenora?,George Browne
"{'topic': 'Politics', 'answer_type': 'Date', 'urls': ['https://en.wikipedia.org/wiki/George_Curzon,_1st_Marquess_Curzon_of_Kedleston', 'https://en.wikipedia.org/wiki/George_Curzon,_1st_Marquess_Curzon_of_Kedleston', 'https://www.britannica.com/biography/Lord-Curzon', 'https://www.google.com/url?sa=t&source=web&rct=j&opi=89978449&url=https://www.encyclopedia.com/history/encyclopedias-almanacs-transcripts-and-maps/curzon-george']}","In which year was George Nathaniel Curzon, 1st Marquess Curzon of Kedleston, elected to the House of Lords?",1908
"{'topic': 'TV shows', 'answer_type': 'Number', 'urls': ['https://en.wikipedia.org/wiki/The_Bear_(TV_series)https://the-bear.fandom.com/wiki/Carmen_Berzatto#:~:text=When%20his%20older%20brother%2C%20Mikey,becoming%20the%20best%20chef%20possible.', 'https://www.menshealth.com/entertainment/a61375299/the-bear-season-1-2-recap-what-to-remember/', 'https://en.wikipedia.org/wiki/The_Bear_(TV_series)', 'https://the-bear.fandom.com/wiki/Carmen_Berzatto']}",How many additional dollars did Carmen and Natalie borrow from their uncle Cicero in Season 2 of The Bear?,"$500,000"
"{'topic': 'Art', 'answer_type': 'Date', 'urls': ['https://en.wikipedia.org/wiki/Chiharu_Shiota', 'https://www.chiharu-shiota.com/house-of-windows', 'https://artasiapacific.com/people/essential-works-of-chiharu-shiota', 'https://en.wikipedia.org/wiki/Chiharu_Shiota']}","What year did Chiharu Shiota introduce ""House of Windows""?",2005
"{'topic': 'Politics', 'answer_type': 'Place', 'urls': ['https://en.wikipedia.org/wiki/S._M._Krishna', '""He finished his High School in Sri Ramakrishna Vidyashala, Mysore.""']}","What was the name of the school where S. M. Krishna, an Indian politician, finished his high school education?",Sri Ramakrishna Vidyashala
"{'topic': 'Video games', 'answer_type': 'Number', 'urls': ['http://demonssouls.wikidot.com/spear', 'https://www.ign.com/wikis/demons-souls/Dregling_Merchant', 'http://demonssouls.wikidot.com/dregling-merchant', 'https://demonssouls.wiki.fextralife.com/Dregling+Merchant']}",What is the soul price of the Short Spear sold by the Dregling Merchant in Demon's Souls (2009)?,1500
"{'topic': 'Sports', 'answer_type': 'Place', 'urls': ['https://en.wikipedia.org/wiki/Ange_Postecoglou#Brisbane_Roar', 'https://en.wikipedia.org/wiki/Ange_Postecoglou#:~:text=Angelos%20Postecoglou%20was%20born%20on,a%20suburb%20of%20Athens%2C%20Greece.', 'https://www.premierleague.com/managers/42440/Ange-Postecoglou/overview', 'https://talksport.com/football/1446948/ange-postecoglou-tottenham-background-managerial-career-celtic/']}",What city and country was Ange Postecoglou's place of birth?,"Nea Filadelfeia, Greece."
"{'topic': 'Art', 'answer_type': 'Person', 'urls': ['https://en.wikipedia.org/wiki/Mukul_Dey', 'https://en.wikipedia.org/wiki/Mukul_Dey#:~:text=The%20entire%20family%20of%20Mukul,arts%20and%20crafts%20as%20well.', 'https://contemporaryartsociety.org/artists/mukul-chandra-dey', 'https://www.roseberys.co.uk/a0611-lot-552769-a-hand-written-postcard-from-bengali-artist-mukul-dey-1871-1951-to']}","Give the names of two sisters of Mukul Chandra Dey, a Bengali artist.",Annapura and Rani Chanda
"{'topic': 'Sports', 'answer_type': 'Date', 'urls': ['https://en.wikipedia.org/wiki/David_Sayer_(Leicestershire_cricketer)', 'https://en.wikipedia.org/wiki/David_Sayer_(Leicestershire_cricketer)', 'https://www.espncricinfo.com/cricketers/david-sayer-995155', 'https://www.wikiwand.com/en/David_Sayer_(Leicestershire_cricketer)']}","On what day, month, and year was David William Sayer, an English cricketer, born?",18 October 1997
"{'topic': 'Geography', 'answer_type': 'Date', 'urls': ['https://en.wikipedia.org/wiki/Boavita', 'https://en.wikipedia.org/wiki/Boavita', 'https://ccduitama.org.co/documentos/Observatorio/PLANESDEDESARROLLO/planes_de_Desarrollo_1-_Boavita.pdf', 'https://www.familysearch.org/es/wiki/Boavita,_Norte,_Boyac%C3%A1,_Colombia_-_Genealog%C3%ADa']}","In which year was the municipality of Boavita, Boyacá, Colombia, founded?",1613
"{'topic': 'Science and technology', 'answer_type': 'Number', 'urls': ['https://github.com/facebook/react/blob/main/CHANGELOG.md#040-july-17-2013', 'https://legacy.reactjs.org/blog/2013/07/17/react-v0-4-0.html']}",In which version of React was the switch from using the id attribute to data-reactid to track DOM nodes implemented?,v0.4.0
"{'topic': 'Science and technology', 'answer_type': 'Number', 'urls': ['https://www.researchgate.net/publication/230754283_Multiplication_of_EEG_Samples_through_Replicating_Biasing_and_Overlapping', 'https://www.researchgate.net/publication/230754283_Multiplication_of_EEG_Samples_through_Replicating_Biasing_and_Overlapping', 'https://link.springer.com/chapter/10.1007/978-3-642-35139-6_20']}","In the 2012 research paper titled ""Multiplication of EEG Samples through Replicating, Biasing, and Overlapping"" by Adham Atyabi et al., at what frequency was the EEG dataset sampled, in hertz (Hz)?",250
"{'topic': 'Art', 'answer_type': 'Person', 'urls': ['https://www.nts.org.uk/visit/places/haddo-house', 'https://en.wikipedia.org/wiki/Haddo_House', 'https://www.nts.org.uk/visit/places/haddo-house#:~:text=Admire%20the%20extensive%20art%20collection,acclaimed%20Victorian%20artist%20James%20Giles.', 'https://visithaddo.com/about-haddo/haddo-house/']}","Haddo House, designed by William Adam, contains a collection of 85 paintings by which artist?",James Giles
"{'topic': 'Science and technology', 'answer_type': 'Place', 'urls': ['https://en.wikipedia.org/wiki/Adriano_Garsia', 'https://en.wikipedia.org/wiki/Adriano_Garsia#:~:text=Scientific%20career&text=Born%20to%20Italian%20Tunisians%20in,moved%20to%20Rome%20in%201946.', 'https://alchetron.com/Adriano-Garsia', 'https://peoplepill.com/i/adriano-garsia']}",In what city was the Tunisian-born Italian American mathematician Adriano Mario Garsia born?,Tunis.
"{'topic': 'Video games', 'answer_type': 'Person', 'urls': ['https://transistor.fandom.com/wiki/Sybil_Reisz', 'https://transistor.fandom.com/wiki/Sybil_Reisz', 'https://static.tumblr.com/964af4a1a70bbb32bec1496f8a07a87e/adjjfm7/Qh7np7bhx/tumblr_static_2qgst6zsh9ycssc8w0440w4c_2048_v2.jpg']}","In Supergiant's 2014 game Transistor, you can view an invitation on an OVC terminal in Goldwalk Promenade to Cloudbank's 67th Annual Fashion Week posted on 06-25-67 at 15:48 by which character?",Sybil Reisz
"{'topic': 'Art', 'answer_type': 'Person', 'urls': ['https://en.wikipedia.org/wiki/International_Photography_Awards#2020', 'https://www.photoawards.com/nicolo-filippo-rosso-interview/', 'https://nicolofilipporosso.com/about/', 'https://www.art-critique.com/en/2020/11/2020-international-photography-awards-winners-announced/']}",Who did the International Photography Awards of 2020 give the Deeper Perspective Photographer of the Year Award to?,Nicolo Filippo Rosso
"{'topic': 'Music', 'answer_type': 'Date', 'urls': ['https://en.wikipedia.org/wiki/Bob_Marley_Museum', 'https://en.wikipedia.org/wiki/Bob_Marley_Museum', 'https://everythingmarley.fandom.com/wiki/Bob_Marley_Museum', 'https://www.lindzandlamb.com/portfolio-1/project-six-6f87e-hnzph-gk7gd-93825-t2wnf-cs442-4jhf3-p87d8-kbfse-k24nm-therg-b6ehr-tcy7s-jcmwy-pg9nt-hsr7l-a4la6-x5m8b-6l3pr-almbd-nzmh2-zyk4a-lspgm-ezswz-rmaga-rpnnj-fbzda-bg7j7']}",Which year was Bob Marley's home converted into a museum?,1986
"{'topic': 'Sports', 'answer_type': 'Date', 'urls': ['https://hokiesports.com/sports/football/opponent-history/university-of-alabama/398', 'https://rolltide.com/sports/football/opponent-history/virginia-tech/203', 'https://www.nytimes.com/athletic/3031482/2021/12/23/it-was-the-coldest-ive-ever-been-virginia-techs-blowout-of-alabama-was-only-part-of-first-music-city-bowl-adventure/', 'https://hokiesports.com/news/2018/04/30/1998-music-city-bowl']}","What are the day, month, and year of the first football game in which Virginia Tech beat Alabama?","December 29, 1998"
"{'topic': 'TV shows', 'answer_type': 'Other', 'urls': ['https://airwolf.fandom.com/wiki/And_a_Child_Shall_Lead_(episode)', 'https://airwolf.fandom.com/wiki/And_a_Child_Shall_Lead_(episode)', 'https://www.imdb.com/title/tt0507124/', 'https://therokuchannel.roku.com/details/9424612035045268b61f445d8bd72acd/airwolf-s3-e3-and-a-child-shall-lead']}","What is the title of Episode 3 in Season 3 of Airwolf, aired in 1985?",And a Child Shall Lead
"{'topic': 'TV shows', 'answer_type': 'Person', 'urls': ['https://en.wikipedia.org/wiki/The_Bachelor_(American_TV_series)_season_16', 'https://en.wikipedia.org/wiki/The_Bachelor_(American_TV_series)_season_16', 'https://bachelor-nation.fandom.com/wiki/The_Bachelor_(Season_16)', 'https://www.imdb.com/news/ni21469862/']}","In Season 16 of The Bachelor, which contestant quit?",Brittney Schreiner
"{'topic': 'Politics', 'answer_type': 'Person', 'urls': ['https://presidentofindia.nic.in/index.php/former-president/shri-varahagiri-venkata-giri#:~:text=Varahagiri%20Venkata%20Giri%20(10%20August,1969%20to%2024%20August%201974.', 'https://en.wikipedia.org/wiki/V._V._Giri', 'https://www.presidentofindia.gov.in/former-presidents', 'https://www.jagranjosh.com/general-knowledge/list-of-all-presidents-of-india-from1947-to-2017-with-tenure-1500293855-1']}",Who was the 4th Indian president to be elected after independence from British rule?,Varahagiri Venkata Giri
"{'topic': 'Art', 'answer_type': 'Date', 'urls': ['https://www.showstudio.com/contributors/junya_watanabe', 'https://selectshopframe.com/blogs/frame-zine/tao#:~:text=For%20the%202005%20autumn%20and,named%20Tao%2C%20ceased%20to%20exist.', 'https://forums.thefashionspot.com/threads/tao-by-comme-des-garcons.76387/', 'https://www.virtualjapan.com/wiki/Tao_Kurihara']}",Tao Kurihara's first collection was presented in Paris during which fashion season?,2005 autumn/winter season
"{'topic': 'Video games', 'answer_type': 'Other', 'urls': ['https://en.wikipedia.org/wiki/Music_of_Kingdom_Hearts#Kingdom_Hearts_Original_Soundtrack', 'https://en.wikipedia.org/wiki/Music_of_Kingdom_Hearts#Kingdom_Hearts_Original_Soundtrack', 'https://www.khwiki.com/Kingdom_Hearts_Original_Soundtrack']}",What is the name and length of the 12th song on the original Kingdom Hearts I soundtrack?,"A Walk in Andante, 1:18"
"{'topic': 'Other', 'answer_type': 'Number', 'urls': ['https://en.wikipedia.org/wiki/Chris_Hani', 'https://www.britannica.com/biography/Chris-Hani#ref368605', 'https://sbffranktalk.blogspot.com/2013/04/biography-of-week-chris-hani.html', 'https://www.pindula.co.zw/Chris_Hani/']}",How many children did Gilbert Hani and Mary Hani have?,6
"{'topic': 'Video games', 'answer_type': 'Date', 'urls': ['https://warcraft.wiki.gg/wiki/Searing_Totem', 'https://wowpedia.fandom.com/wiki/Searing_Totem', 'https://eu.forums.blizzard.com/en/wow/t/list-of-removed-shaman-abilities-since-302/458606']}",What patch removed the Shaman ability Searing Totem from the game in World of Warcraft?,7.0.3
"{'topic': 'Science and technology', 'answer_type': 'Date', 'urls': ['https://mathshistory.st-andrews.ac.uk/Biographies/Bieberbach/', 'https://mathshistory.st-andrews.ac.uk/Biographies/Bieberbach/', 'https://en.wikipedia.org/wiki/Ludwig_Bieberbach', 'https://bookofproofs.github.io/history/19th-century/bieberbach.html']}","In what year was Ludwig Bieberbach, the German mathematician best known for his conjecture on holomorphic functions, appointed professor of mathematics in Basel?",1913
"{'topic': 'Other', 'answer_type': 'Person', 'urls': ['https://en.wikipedia.org/wiki/Brihaspati_VidyaSadan', 'https://en.wikipedia.org/wiki/Brihaspati_VidyaSadan#:~:text=Brihaspati%20Vidyasadan%20was%20established%20in,the%20school%20was%20Maurice%20Banerjee.', 'https://ecs.com.np/features/education-in-nepal-the-three-rs-and-beyond']}","Who was the first principal of Brihaspati Vidyasadan, a school in Kathmandu, Nepal, established in 1985?",Maurice Banerjee
"{'topic': 'Geography', 'answer_type': 'Date', 'urls': ['https://es.wikipedia.org/wiki/Amalfi_(Antioquia)', 'https://www.amalfi-antioquia.gov.co/municipio/historia', 'https://es.wikipedia.org/wiki/Amalfi_(Antioquia)', 'https://corregimientos.antioquia.gov.co/amalfi/']}","What year was the municipality of Amalfi, Antioquia, Colombia, founded?",1838
"{'topic': 'TV shows', 'answer_type': 'Other', 'urls': ['https://en.wikipedia.org/wiki/Games_People_Play_(Modern_Family)', ""https://www.rottentomatoes.com/tv/modern_family/s04/e23#:~:text=Episode%20Info,Cam%20and%20Mitch's%20competitive%20spirit."", 'https://modernfamily.fandom.com/wiki/Games_People_Play', 'https://www.imdb.com/title/tt2814070/']}","In the TV series Modern Family, in Season 4, Episode 23, which sport is Lily competing in?",Gymnastics
"{'topic': 'Science and technology', 'answer_type': 'Place', 'urls': ['https://en.wikipedia.org/wiki/Enrico_D%27Ovidio', 'https://en.wikipedia.org/wiki/Enrico_D%27Ovidio', 'https://areeweb.polito.it/strutture/cemed/museovirtuale/english/storia/2-02/2-2-01/2-2-0133.htm', ""http://www.geometry.net/detail/scientists/d'ovidio_enrico.html""]}",In what city was the mathematician Enrico D'Ovidio born?,Campobasso
"{'topic': 'Music', 'answer_type': 'Number', 'urls': ['https://en.wikipedia.org/wiki/Hank_Williams', 'https://en.wikipedia.org/wiki/Hank_Williams', 'https://www.bustle.com/articles/149115-where-are-hank-williams-children-now-i-saw-the-light-puts-the-singers-family-in-the', 'https://media.al.com/mcolurso/other/101HANKTREE.pdf']}",How many children did Hank Williams have?,2
"{'topic': 'Politics', 'answer_type': 'Number', 'urls': ['https://en.wikipedia.org/wiki/1983_Argentine_general_election', 'https://en.wikipedia.org/wiki/1983_Argentine_general_election', 'https://www.wikiwand.com/en/1983_Argentine_general_election', 'http://archive.ipu.org/parline-e/reports/arc/ARGENTINA_1983_E.PDF']}",How many seats did the Intransigent Party get at the 1983 Argentine general election?,3
"{'topic': 'Politics', 'answer_type': 'Other', 'urls': ['https://www.tullowoil.com/our-operations/africa/ghana/', 'https://www.offshore-mag.com/field-development/article/16789168/jubilee-field-development-plan-approved', 'https://www.tullowoil.com/our-operations/africa/ghana/', 'https://www.annualreportsghana.com/wp-content/uploads/2020/06/Tullow-Oil-IPO-Prospectus-2011.pdf']}",Who formally approved the Jubilee Field Phase 1 Development Plan and Unitisation Agreement in July 2009? Just name the office of the person.,Minister of Energy in Ghana
"{'topic': 'Other', 'answer_type': 'Person', 'urls': ['https://en.wikipedia.org/wiki/Stampacchia_Medal', 'https://en.wikipedia.org/wiki/Stampacchia_Medal', 'https://www.math.columbia.edu/2012/05/17/savin-award/', 'https://umi.dm.unibo.it/premi-old/gold-medal-guido-stampacchia/']}",Who was awarded the Stampacchia Gold Medal in 2012?,Ovidiu Savin
"{'topic': 'Science and technology', 'answer_type': 'Date', 'urls': ['https://en.wikipedia.org/wiki/Bharat_Sanchar_Nigam_Limited', 'https://en.wikipedia.org/wiki/Bharat_Sanchar_Nigam_Limited', 'https://www.cioinsiderindia.com/news/bsnl-to-provide-satellitebased-services-using-a-gateway-nwid-3995.html', 'https://nexnews.org/directory/companies/bharat-sanchar-nigam-limited#google_vignette']}","What was the day, month, and year when BSNL (Bharat Sanchar Nigam Limited) launched ""BSNL Wings Services"" in 22 telecom circles, in which there is no need for a SIM card or cable wiring as it is a VoIP (Voice Over Internet Protocol) service through an app throughout India?",16 August 2018
"{'topic': 'Sports', 'answer_type': 'Number', 'urls': ['https://botn.info/wp-content/uploads/2019/12/Rules-for-LONGSWORD-DUEL-CATEGORY_v2.0.pdf', 'https://botn.info/wp-content/uploads/2019/12/Rules-for-LONGSWORD-DUEL-CATEGORY_v2.0.pdf', 'https://en.wikipedia.org/wiki/Battle_of_the_Nations_(Medieval_Tournament),']}","According to the 2021 rules of Battle of the Nations, how many rounds does each longsword duel last?",1
"{'topic': 'Politics', 'answer_type': 'Date', 'urls': ['https://en.wikipedia.org/wiki/Nikolai_Talyzin', 'https://en.wikipedia.org/wiki/Nikolai_Talyzin', 'https://demokratizatsiya.pub/archives/07-2_arias.pdf']}","In what month and year was Nikolai Talyzin dismissed from Nikolai Ryzhkov's government, along with many other conservatives, during the period of perestroika?",September 1989
"{'topic': 'Politics', 'answer_type': 'Date', 'urls': ['https://www.unesco.org/en/memory-world/sukarnos-speech-build-world-anew-september-30-1960?hub=1081', 'https://www.unesco.org/en/memory-world/sukarnos-speech-build-world-anew-september-30-1960#:~:text=To%20Build%20the%20World%20Anew%20is%20a%20speech%20delivered%20at,in%20New%20York%2C%20United%20States.', 'https://catalogue.nla.gov.au/catalog/1906451', 'https://mowid.anri.go.id/index.php/president-sukarno-was-reading-a-speech-to-build-the-world-anew-accompanied-by-his-aide-named-lieutenant-colonel-cpm-sabur-it-appears-that-the-sabur-colonel-gave-a-speech-paper-material-to-president-sukarno-at-the-15th-un-general-assemb']}","What month, day, and year did President Sukarno deliver his ""To Build the World Anew"" speech?","September 30th, 1960"
"{'topic': 'Science and technology', 'answer_type': 'Number', 'urls': ['https://www.sigmaphoto.com/dp1-quattro-compact-digital-camera', 'https://www.sigmaphoto.com/dp1-quattro-compact-digital-camera-lvf-01-viewfinder-kit#:~:text=Effective%20Pixels%3A%20Approx.%2029MP', 'https://www.sigma-global.com/en/cameras/dp1-quattro/specification.html#:~:text=Effective%20Pixels%3A%20Approx.%2029MP']}",What is the effective total pixel count of my Sigma DP1 Quattro?,29MP
